subject_id,session_number,seed,n_trials,n_test,block,base_bits,glm_bits,mmlpf_bits,diff_bits,glm_sigma,sigma_alpha,sigma_beta,sigma_phi,mean_beta,max_beta,mean_phi,mmlpf_loss_conc,mmlpf_worst_bits,glm_loss_conc,glm_worst_bits,seconds,error
632105,1,6,847,160,20,1.0529711352633708,0.22485419500228448,0.45621818019786653,-0.23136398519558204,0.10030973979432586,0.3598556685797297,0.09953971484404463,0.3342351726741406,44.690301907929474,85.33587751882098,4.235321895144571,0.460028318558699,17.639615496984803,0.7771249221202158,9.320058661931512,53.9,
632105,1,1,847,160,20,0.9155866457454896,0.13693187989958316,0.2129142866186712,-0.07598240671908804,0.10336410592734555,0.3255383398566702,0.17054364252605286,0.34792728812515306,65.1554651424907,96.8928192919528,5.1761726635784235,0.6568363116256474,16.887743160934516,0.7658169767066899,8.9262305363506,54.4,
632105,1,7,847,160,20,0.715137826804408,0.24926701274171698,0.36597247947304784,-0.11670546673133086,0.08504963135593843,0.0922843637183742,0.2672112102896899,0.16595507412162802,58.17205248654019,92.55350274378442,4.339256755079047,0.6508350573747361,7.113051899160314,0.8912965162762524,6.334010022356708,54.5,
632105,1,3,847,160,20,0.7744672265347188,0.16436664465930562,0.26771616112192387,-0.10334951646261825,0.091867334978283,0.01554628318716661,0.3349067248775544,0.15275318240035718,58.01342097224743,88.82355126240527,2.492713782283939,0.5661664241255561,10.057413594894136,0.7461103128740249,8.654892317162199,54.6,
632105,1,4,847,160,20,0.9244295942658859,0.21678866138836633,0.36790588071555524,-0.1511172193271889,0.10138338702858328,0.307973719899404,0.022773704103187548,0.14735081097997227,18.628016017522295,23.559220417311266,2.7786949966929084,0.5690112025943977,13.307465043238677,0.8869843280262543,9.554925055409889,54.6,
632105,1,2,847,160,20,0.82062660273688,0.04075472544957377,0.14033237648560082,-0.09957765103602705,0.07043397710876524,0.18101709521816595,0.2893039741107609,0.28237216469226734,61.44905285861154,92.36702299952138,2.5889097829097123,0.22252447241118822,0.7679739170223049,0.16162677702307343,0.15635078095971897,54.6,
632105,1,0,847,160,20,0.990465688446432,0.06351624273488643,0.07110198780285937,-0.007585745067972938,0.07043397710876524,0.1669345840165018,0.12970721457517415,0.3417533100467684,49.38825017402744,79.41426136649477,3.6028196319249792,0.365215108988808,0.6673137830754887,0.14873508664831098,0.18894187733496973,55.6,
632105,1,5,847,160,20,0.8136234616832224,0.10811064767906328,0.1431409329627143,-0.035030285283651014,0.06741653616475557,0.2549102945229702,0.3234986700396546,0.2779397137913048,58.3191981292929,84.11055358377877,4.472764869651407,0.6208643370447834,6.478887364996097,0.7731787632470205,6.324544167562996,55.6,
632105,2,0,722,140,20,1.0224098035373648,0.30578693631735154,0.3704896242607509,-0.06470268794339934,0.06181624934038881,0.026760475944609396,0.2052735660853463,0.18660328289654396,13.381682046011845,64.68460271987041,3.2288815262992396,0.5976833544086984,7.565898155140257,0.7368397681281101,6.304216784800526,46.0,
632105,2,1,722,140,20,1.0099053446493842,0.3962076101216194,0.5416614101513777,-0.14545380002975827,0.057639088599811754,0.19634996254505074,0.21956198318010806,0.3300487616509349,21.81175340236331,68.51686051163283,3.8424356284540533,0.3772977392387033,9.106373530045685,0.5536175363049027,5.778012605319258,46.2,
632105,2,3,722,140,20,1.1569263955066642,0.1950613520154308,0.21577865167503368,-0.020717299659602895,0.057639088599811754,0.35041644666703436,0.263839448601547,0.12976212675925763,16.41512546954528,84.28092335859002,2.7382337464742164,0.5418400313510402,5.974408287867987,0.6743060982489363,5.155043885907431,46.6,
632105,2,2,722,140,20,0.9341547219486289,0.16266649775689515,0.30638700905872146,-0.1437205113018263,0.057639088599811754,0.1130329105014632,0.2073891648484263,0.3868513473938364,15.511402671313995,46.87588008246466,3.7553106875126403,0.6185793056170135,8.031230864802854,0.6686830302319675,5.25557284511579,46.7,
632105,2,4,722,140,20,1.0872516094065405,0.34542581786183885,0.36009420839363265,-0.014668390531793807,0.07043397710876524,0.06672402983160788,0.3713621693849425,0.2640075094631099,28.20079032757629,86.54621117864792,2.741060501236319,0.4168676236023462,3.7917825861516614,0.5418535548926459,5.279043328102677,46.8,
632105,2,5,722,140,20,1.0716180479998574,0.15367874391128286,0.34424561671058873,-0.19056687279930587,0.05872371726682196,0.06652510624068969,0.2443563637018422,0.18512416773733847,21.06167748738803,72.30690302691418,2.592204320505777,0.531612982023383,8.474396773178494,0.5361095542132948,5.787103957109808,47.4,
632105,1,8,847,160,20,0.8899279320456076,0.18552814407047874,0.17013006331057057,0.015398080759908173,0.06811835224989046,0.31263638181326814,0.39970713794346363,0.3466137042622455,53.03201435187676,81.87031555898884,4.657431526481699,0.5821357596772934,7.381547783427842,0.6600045352710572,7.329340232520235,55.3,
632105,1,9,847,160,20,0.6855443418531497,0.14191467495087923,0.14285396437414546,-0.0009392894232662374,0.07043397710876524,0.2910413166572928,0.15141365612847205,0.28882989157860495,26.19963833136102,57.14841243270797,4.809971603247694,0.7666447554310588,6.143538211482618,0.7776775045648956,5.790792383159124,54.9,
632105,2,9,722,140,20,0.9218407355629619,0.15471114520735696,0.19941412387501692,-0.04470297866765996,0.048870524013532354,0.25698175735415807,0.27245911773998566,0.24572802579011904,18.326746822951367,76.16844096657458,3.1309922540027095,0.5485925901328752,7.730243011452454,0.6259855467571082,4.59015136546088,18.1,
632105,2,6,722,140,20,1.028919551598983,0.2507192040186994,0.3207720174557303,-0.0700528134370309,0.06402934358058855,0.06976246204912473,0.2359287878419539,0.22994098628324014,20.817673403437134,73.9054561185628,2.8898071760426474,0.504368321996596,6.167774842943102,0.7424585703486536,5.131632133374847,45.8,
632105,2,7,722,140,20,1.1761583970015526,0.27471247868595133,0.42127625216833997,-0.14656377348238864,0.05640832073336167,0.08744067408673535,0.21391508061804948,0.3297123437558907,21.31386067370586,75.63315562604058,3.4583637974374026,0.3587828527584742,6.385095790097645,0.7464948132903396,5.790507381783096,45.8,
632105,2,8,722,140,20,0.9924285163764299,0.3203213382559702,0.3065533603393217,0.013767977916648522,0.07043397710876524,0.237953388763729,0.16804832050493065,0.2081479649847725,11.492166735106597,69.78692063863005,3.215003295985882,0.5020943245095062,5.587117804884414,0.6222754941026312,6.3845419550631295,45.9,
632105,3,0,847,160,20,1.5034352444134806,0.30353238198374105,0.33743006614990356,-0.03389768416616251,0.09662528598536034,0.3575039056095115,0.33524602143613347,0.29436570065522044,20.295331302093697,62.86298859579418,4.368886264396523,0.26620072759082586,1.857888013265299,0.3185907371031236,3.342386709130023,54.8,
632105,3,1,847,160,20,0.6954513305170962,0.22567036909533683,0.2875180224343762,-0.061847653339039355,0.07043397710876524,0.23855998939262607,0.26057561033714444,0.36222481535666484,20.837454781770255,79.4554566589286,5.364067948521845,0.7945924652627254,4.761444267139709,0.7977237811483411,6.072953171835292,54.9,
632105,3,2,847,160,20,0.8389310598112726,0.17321542448437072,0.17537489923295096,-0.002159474748580248,0.0907662464694501,0.3211608380570548,0.2728099832053124,0.27543741898378354,12.571893251614624,75.51079324634233,4.93203649402829,0.3991262291146802,4.789448370600043,0.45378859625817436,4.9922829235043285,53.7,
632105,3,3,847,160,20,0.6662676568758766,0.2353593983582707,0.23689042933475232,-0.0015310309764816343,0.10840969999267416,0.22743600550797383,0.29464250750832766,0.31095566667538177,20.63493934720285,84.3164059145893,5.329117576519339,0.5357160742330721,6.135215449849981,0.5778386676284094,5.3405588487356805,54.2,
632105,3,4,847,160,20,0.6036196259975268,0.15584220713551078,0.14021470319293977,0.01562750394257101,0.0907662464694501,0.310460499169753,0.3095571082259437,0.31211852914516,55.78637548392506,95.40415425519878,3.799057837585235,0.6821966597356545,8.730285882545514,0.5090203345078633,5.484213675448814,54.1,
632105,3,5,847,160,20,0.7054976953716137,0.3018989875682355,0.45369043135327497,-0.15179144378503945,0.07043397710876524,0.34208770719263537,0.24491462313220844,0.3243827550214405,18.623772125996013,79.157127834448,5.263324678468854,0.5787780479522266,6.2379376752257425,0.7180578101000831,6.653804183248844,54.4,
632105,3,6,847,160,20,0.595278825799402,0.11344593472703315,0.13053506283477995,-0.017089128107746793,0.0907662464694501,0.3729993449982396,0.2474931581572093,0.25412055605811174,36.50325557145877,78.92150614848299,2.9479829251353618,0.35317966270074913,1.3236191455042103,0.44054679566538685,1.714614422448314,54.5,
632105,3,7,847,160,20,0.6207534448639274,0.0699555617182673,0.09813903373374488,-0.02818347201547758,0.10713869148574545,0.3157760924296966,0.3230250477319163,0.33619879149610077,23.172212323633357,82.50831027602206,5.450230676432487,0.6620368755439641,6.792953101886005,0.6088900416585348,5.294493026151456,55.1,
632105,3,8,847,160,20,0.5711506699711341,0.2198792306125525,0.2541244573055028,-0.034245226692950326,0.14380874973144828,0.3390000144620543,0.2754238176214083,0.38323484655764517,16.218001758616573,79.97820558046114,6.972926871909258,0.7379337676764763,6.598532190394591,0.9296676871601848,8.35181322546306,56.3,
632105,3,9,847,160,20,0.4938542497753743,0.07356769135475695,0.08029161314578442,-0.0067239217910274734,0.10138338702858328,0.23244769017028794,0.27299171508463527,0.395562784934392,36.529773838702425,87.97825282488961,3.9659722723516864,0.5275040643054513,5.251787683790295,0.6246514690019066,5.380711845783264,56.8,
632105,4,0,879,180,20,0.4072757687409333,0.14670865717623663,0.17451102489330247,-0.027802367717065846,0.09724954696120812,0.17697186275754878,0.24590953914003974,0.24296225388406478,33.09176331460823,94.62295483203604,4.90645012446278,0.5869062740274357,8.536545059845492,0.7090433110839055,10.096605218538706,57.3,
632105,4,1,879,180,20,0.4866319513094351,0.06125662315301267,0.053409198891443056,0.007847424261569612,0.09231779950957245,0.12804855272779203,0.1908047598222627,0.2768625043640452,49.30216638227552,95.55531467772477,4.93587810446802,0.689948224422106,5.18729642565433,0.6708714251948369,3.5854683222600845,57.2,
632105,4,2,879,180,20,0.5547693620491619,0.15740771479232776,0.13750058088243441,0.01990713390989335,0.10138338702858328,0.12459219131438981,0.2027086936500081,0.2619744704269448,50.522651222835236,100.0,4.7661468799053175,0.6305982895515015,5.959125466888734,0.7415626324373759,7.285696959418088,58.7,
632105,4,3,879,180,20,0.8532918378767953,0.1904708415588924,0.24009255030636348,-0.04962170874747107,0.08616328204742763,0.19427783344087407,0.08369806293163665,0.21429238364468448,33.39390364582975,51.395064764777594,4.835590500371051,0.6330528433543112,6.35246236157758,0.7113645350752063,6.566065920631665,57.7,
632105,4,4,879,180,20,0.8309927268591287,0.1583860846605828,0.15935170464409643,-0.0009656199835136325,0.10446618866801569,0.28706503489865404,0.34215625194454524,0.2046859580047669,63.167251100465684,89.60089675771158,3.378324747930519,0.5091931778920048,5.066611207158172,0.8289216216655569,5.997340109449655,57.6,
632105,4,5,879,180,20,0.6087874207285905,0.09484886273701329,0.0747389693587433,0.02010989337826999,0.10138338702858328,0.24426735786960718,0.16069261011637243,0.32149667872916304,36.06391243016441,72.94503123671512,5.064794437689337,0.8080532702185578,5.261623747901272,0.787850870335234,6.064081022561842,58.1,
632105,4,6,879,180,20,0.5904932113733595,0.1328320662164481,0.15012890770634688,-0.017296841489898768,0.1039229590601962,0.2778257687274429,0.18236446104461407,0.3171326659259226,41.61500243430486,85.94101064908344,5.416921465136555,0.626528919051223,4.217401061374947,0.8866064396224832,5.659257282466214,58.0,
632105,4,7,879,180,20,0.6654689351608545,0.09596898028854242,0.11974826692366725,-0.023779286635124824,0.10100490549477918,0.13268797089338616,0.0516626896001699,0.3331676826001866,9.88814358334422,27.3050714288434,5.811149872067705,0.3985495092860449,5.10909401795982,0.48204451222165035,5.497910589016841,58.1,
632105,4,8,879,180,20,0.36256240167840786,0.1296591293381933,0.17123248261864202,-0.04157335328044873,0.09887275099553826,0.17519925846670428,0.02888209396781799,0.2207891018907631,53.54507469692674,87.90031558949278,4.7602828997677005,0.7481871403519859,6.93440965256029,0.7835746982680427,7.172621943764225,56.9,
632105,4,9,879,180,20,0.9225521636924007,0.1356204447653058,0.1149754634321783,0.020644981333127504,0.10138338702858328,0.20445171291724296,0.08571636617962068,0.2147260954778573,18.869652159971686,46.66103153225787,4.2682910260101945,0.7302668530975555,5.195687087804121,0.7924406444226432,6.491005411395753,56.6,
632105,5,0,910,180,20,0.85881377736622,0.1943662072528481,0.24238960369578677,-0.04802339644293868,0.07043397710876524,0.25698175735415807,0.31427473352457885,0.12976212675925763,45.83081436367966,95.47206292647014,2.59615106988898,0.7460051889268144,5.2632457235292085,0.5904078952391932,6.243121397510173,57.9,
632105,5,1,910,180,20,0.9995244116634312,0.12715524947335283,0.2888483552040323,-0.16169310573067947,0.07043397710876524,0.08563604060656704,0.020829901003781903,0.39260127576953885,10.518634257863999,27.680649268843034,4.75318006900667,0.8128975270158365,12.213441638706053,0.679207558678526,4.120494475310251,57.4,
632105,5,2,910,180,20,0.84691328921104,0.19622249618134377,0.19320241339807584,0.00302008278326793,0.07043397710876524,0.3728696725642691,0.3196283561690853,0.2092205744671184,22.478419673077646,75.50992223424846,3.0025011510477606,0.32916387480636916,4.429991545742019,0.3506944550054355,3.9136827825322116,57.3,
632105,5,3,910,180,20,0.9074851070883938,0.2721280705661822,0.27036208469024664,0.0017659858759355718,0.08691249686283227,0.3858958333529029,0.2378478126613295,0.2555024861654875,37.47107329044804,83.55700465149805,2.798951873915189,0.6181964012009309,8.272461272950427,0.46570186464302915,8.70855999497575,57.7,
632105,5,4,910,180,20,1.350609109956348,0.2276027665050596,0.1434181644767425,0.0841846020283171,0.08691249686283227,0.13117950427034972,0.18163767222030136,0.288128442979073,17.656905275617724,47.43804788011522,4.515620983628413,0.45846403621898063,5.820158793795495,0.34109185128101516,5.951899051240539,58.7,
632105,5,5,910,180,20,0.8659960064616952,0.15486744336625477,0.1855122199857359,-0.030644776619481118,0.08616328204742763,0.38190099218855933,0.29614474671052327,0.20604742244624633,35.97161006713425,66.64525477902559,3.634414274996074,0.7383476606001743,8.391715932052046,0.7624238013355427,8.48229384552782,58.5,
632105,5,6,910,180,20,1.0899883864618352,0.1408556493070531,0.18767801948242105,-0.046822370175367944,0.09662528598536034,0.3632382032021681,0.08938016448481301,0.36230079130366444,13.813194742133128,34.08969990130476,4.656136596299494,0.6267649305142424,8.371971885230936,0.8101538609192025,8.008462896027849,57.5,
632105,5,7,910,180,20,1.1047275943552468,0.2056673931240735,0.21053057689089863,-0.004863183766825124,0.08616328204742763,0.2605522622522063,0.19321160222109962,0.354975458985177,22.194187505315103,74.07306018808508,4.817251564540383,0.6681732718323319,4.809766168599748,0.7415148693734307,6.273021024226777,57.9,
632105,5,8,910,180,20,0.8640486343559922,0.031150970367284862,0.03431259385942029,-0.003161623492135425,0.07043397710876524,0.36216718502747847,0.22693847985773316,0.16818281602097962,20.853637389619134,66.84231153923514,3.23391766010653,0.17596923490249367,0.1569112487164794,0.15068711661292636,0.1019050040860887,57.8,
632106,1,0,786,160,20,1.0258366524772824,0.1960577362021464,0.1655104468815369,0.03054728932060949,0.07043397710876524,0.35829909374153013,0.05250074257687409,0.2633113341094424,33.98762479393384,61.31022934143909,4.011473662334975,0.35270548196848805,1.7499714872883856,0.4277016498364531,4.088017199108044,49.5,
632106,1,1,786,160,20,0.19990642726832955,0.04711623317844309,0.059103803140438026,-0.011987569961994939,0.08691249686283227,0.21725996361783712,0.09053033607188875,0.12831372373267638,29.825259945103113,53.52500279770774,3.078116749914096,0.45851992116376045,2.4537624984069604,0.4364766666472574,2.3078573391533244,49.5,
632105,5,9,910,180,20,0.948156918388236,0.2455789285896809,0.376070327922498,-0.13049139933281712,0.08208252784141265,0.23870117975554722,0.33868334446165616,0.2747839986065109,21.465096990285765,74.4371145088524,4.264470714853721,0.41621733206962863,5.454128222166228,0.5218949788582835,6.433153308599761,57.6,
632106,1,2,786,160,20,0.6356432288473124,0.15483361413902602,0.18040457704805143,-0.025570962909025413,0.07043397710876524,0.1976608368931217,0.03764651300514357,0.2901475800882198,23.558939873424816,38.335346787488426,4.535468707094599,0.7278338328983025,7.988768495128905,0.808467752599908,8.087031354078354,50.2,
632106,1,3,786,160,20,0.5493330045975264,0.25154667503743855,0.2032602955652551,0.04828637947218345,0.07901698456377589,0.27278263487221377,0.0015685865409811317,0.3298806477809501,17.520743016075464,26.326933610303772,3.94668265497105,0.5571681777459879,5.629270395994848,0.5710571791740607,7.288717959161205,50.5,
632106,1,4,786,160,20,0.5493330045975263,0.22738711415805063,0.24856158897124572,-0.021174474813195093,0.07043397710876524,0.15054798057648397,0.02201102610321512,0.13536751272387731,20.433290104087114,28.89103360709272,2.5194851732475416,0.5587539370010561,6.533334902646288,0.61036358472762,7.438526616567347,49.4,
632106,1,5,786,160,20,0.5493330045975263,0.028020291239479356,0.01754065478857637,0.010479636450902986,0.07043397710876524,0.2690241526533985,0.049528347825299884,0.17035119831010234,34.22906180768521,71.26058351618695,2.467260279535932,0.4348805505986343,0.2359587947723246,0.25745655849729626,0.1603074008293497,49.6,
632106,1,6,786,160,20,0.5493330045975263,0.05252699462821253,0.07661918505195162,-0.024092190423739085,0.07543105395664816,0.19699903457571102,0.09302827251415402,0.12323214682320466,42.20530469732216,69.28543933224606,2.238394400657081,0.21941672465941073,0.4908514189181656,0.2779410572878224,1.3181496168286266,49.9,
632106,1,7,786,160,20,0.22951702757275502,0.11004114568358632,0.12301849385260233,-0.01297734816901601,0.07576717384346394,0.3620845800589002,0.04406783793596303,0.25208583253948463,38.7939977045939,72.09840526836129,4.673211851263635,0.975411794432348,10.301659610938456,0.9460718166905283,8.049921224659883,49.5,
632106,1,8,786,160,20,0.7779118518246761,0.08593703012886882,0.21878594537063614,-0.13284891524176734,0.07043397710876524,0.22575469063874098,0.00427145709384355,0.15334109559901468,27.625895169023227,48.658199981475015,2.867451005360101,0.36503951904981563,4.139508845182786,0.5663061160645658,5.557486537934713,50.2,
632106,1,9,786,160,20,0.658241860848405,0.20481855395938134,0.22848522658973583,-0.02366667263035449,0.07576717384346394,0.32633073366286136,0.027703562656477082,0.33436956226405257,28.437219501083636,57.38892669393992,6.652525050901336,0.8006263499094065,10.1477756260317,0.8655951468569223,8.605352988298476,51.0,
632106,2,0,878,180,20,0.9954801042991911,0.31543879772821276,0.5097882540839337,-0.19434945635572093,0.09319574582165163,0.06395687449649853,0.025784073087927212,0.06862780750067851,17.61566824503261,26.32502115860402,1.3886002379008715,0.3218341233055064,3.768777579519356,0.4315987378572034,6.294739830205305,58.2,
632106,2,1,878,180,20,0.8034716208382501,0.23590715168646303,0.2208841144182254,0.015023037268237643,0.08179374450262582,0.05041743918789965,0.007729836461871115,0.19054766331912398,14.448879527269366,21.27871443845396,2.4633116409358395,0.5145794592443101,6.754054257247648,0.574548765899939,4.729425911949275,58.5,
632106,2,2,878,180,20,0.6322624913309214,0.09040558666685246,0.060748651261324296,0.029656935405528162,0.07043397710876524,0.10187296634450865,0.0022964498440920522,0.1960974426261615,16.0632779530776,21.57557002459553,2.599630373148112,0.7314234055265699,3.205767200754538,0.6607361524338198,4.428657879642964,57.1,
632106,2,3,878,180,20,1.0745822009388888,0.20979451988674086,0.34391841274205104,-0.13412389285531018,0.08096754097470812,0.09097754155338067,0.09675912465304673,0.09125549893545026,32.459087380444906,73.02019093785803,1.5141548332767183,0.5250483487733529,5.4741517043513115,0.4716350610418633,4.714267699277613,57.6,
632106,2,4,878,180,20,0.6699041450331626,0.11848652533051766,0.16637663438532357,-0.04789010905480591,0.08691249686283227,0.03921703541825583,0.3504508375755583,0.29876309920066435,57.252521730298994,91.11266599965134,2.603229286939006,0.34196329922671215,2.0908847228754945,0.6794078576150446,4.033727546217764,58.2,
632106,2,5,878,180,20,0.5978986174024432,0.18900185674866,0.21732672948938297,-0.028324872740722984,0.06650648120957715,0.1334890246135309,0.018527376650651628,0.12684113572029732,12.244568428172812,21.04481704757818,2.618249975313028,0.658754075630867,5.632601067898038,0.8420441693726124,6.85362186771173,59.1,
632106,2,6,878,180,20,0.7838059415274254,0.07239817925854657,0.09884461798775782,-0.02644643872921125,0.0735895906332592,0.026352522113901544,0.11057862920675705,0.19153298102430527,32.24166896445027,80.74101462272655,2.078897640180767,0.3494891614251856,1.8285494705260839,0.5954204347087909,3.875994400701289,58.8,
632106,2,7,878,180,20,0.9461470704325645,0.21619149581190555,0.20611872724339234,0.010072768568513218,0.08616328204742763,0.05668675484163327,0.20855628049803215,0.2964916184693742,42.67442576956547,97.51799330580336,3.43824043387884,0.6826707298492642,5.664827318299624,0.7640156849191224,4.982006060832737,57.5,
632106,2,8,878,180,20,0.7741929618102078,0.07952109536606358,0.06128338943348503,0.01823770593257855,0.08523346642563531,0.14559207877050373,0.04450414656771287,0.0723376815221437,13.777207166007656,24.248922389347758,1.72530091349654,0.6607484533843587,4.383604503383302,0.6151509839365872,4.954108053238314,59.0,
632106,2,9,878,180,20,0.6322624913309214,0.10146132262059647,0.08656194842688603,0.014899374193710443,0.07543105395664816,0.11917433679140607,0.076171364297599,0.1479408195127955,14.947212558937796,32.289092734835094,2.8805951410109403,0.6183569152938452,4.636026675798835,0.6335208834608872,4.768330116233242,58.9,
632106,3,0,1020,200,20,0.9117121464175475,0.1807251197131853,0.1382738197027928,0.04245130001039252,0.216730531103116,0.2957744473358507,0.33669702222606845,0.2855891198766189,8.273577933642022,56.348361558982695,10.567164852059964,0.6900503896814997,6.911530329851347,0.786737276860046,8.005690728441902,67.9,
632106,3,1,1020,200,20,0.4691006101403217,0.11320319958401572,0.09038350904259287,0.02281969054142284,0.15369879195838856,0.13898665084428605,0.19631069651262037,0.38557457616692775,25.49296772563761,62.20595449032291,11.842537983081973,0.8344561204172795,6.241752851797645,0.8451113758463086,7.571979846251134,68.4,
632106,3,2,1020,200,20,0.4691006101403217,0.013612272297055673,0.011139545977009195,0.0024727263200464786,0.12536584534703488,0.29380695398282536,0.19957778629127756,0.33575317462010035,48.15060244032729,77.61141876381113,9.122314250535116,0.19292101213974586,0.05493844145215075,0.3427271659971874,0.12468232273622697,68.4,
632106,3,3,1020,200,20,0.5659917351363473,0.07905577606889536,0.09143349337608547,-0.012377717307190117,0.147898888251328,0.35079660186390293,0.2550411659335402,0.3158027379840718,21.224742296567467,48.452913094032404,9.131360425280423,0.5823835546795469,5.887423501379417,0.6288245329450913,4.591200030283065,69.2,
632106,3,4,1020,200,20,0.19768066783969432,0.004894523049451065,0.013530921774179059,-0.008636398724727993,0.12730127233019706,0.1321481761665632,0.2638260409651665,0.3248567852738817,13.504943397511251,55.9897869074834,7.1122367773764354,0.24124952852800643,0.08378961506734885,0.4394433812563194,0.04677328057684751,69.9,
632106,3,5,1020,200,20,0.4691006101403217,0.03138839688815459,0.021013142562137568,0.010375254326017023,0.12402500437773763,0.347615297995043,0.19095632633902154,0.2812504312882152,52.575982511285986,77.72212793137889,7.586350297161567,0.2779387116095068,0.14061695345693906,0.38328873651945294,0.24849495808910785,69.5,
632106,3,6,1020,200,20,0.19768066783969432,0.005516844406981535,0.0231095820976872,-0.017592737690705663,0.12597065386665388,0.28372592955303394,0.29107852277258156,0.29039321140619695,10.538138040718088,58.14664567913359,8.201406661558012,0.18765748618838587,0.09713377706819268,0.29321068669004874,0.03914338324194674,70.4,
632106,3,7,1020,200,20,0.4691006101403217,0.013336211299853327,0.01398807123793281,-0.0006518599380794833,0.12597065386665388,0.19977364673941445,0.15173681890953594,0.34684862876037914,13.26386162762847,39.34513377542835,9.423172536847964,0.32959980908296715,0.1282605359434106,0.3977827488565643,0.10777200290923977,69.9,
632106,3,8,1020,200,20,0.4691006101403217,0.023229256851880632,0.027290348848814004,-0.004061091996933372,0.13261310404711324,0.19705011561887295,0.26247448283452274,0.35784057189786633,37.350451534840566,87.5087987448019,8.774684757063442,0.2600586984132529,0.1487543822448258,0.6093347670214992,0.5599696517030298,68.8,
632106,3,9,1020,200,20,0.19768066783969432,0.008832668941652706,0.024088401655006225,-0.01525573271335352,0.12562697358263988,0.20056731756585194,0.3570783061661858,0.37414615163159587,28.81943560507367,57.164534711117945,8.41841367226757,0.252961241540269,0.1688847119266453,0.4427646429639977,0.11759190839531145,69.1,
632106,4,0,940,180,20,0.4627538250388023,0.1703355712820499,0.26571017406101965,-0.09537460277896975,0.10285117557295928,0.35849693504531044,0.2869306632087203,0.39956817958804736,39.68604881055736,75.40416177864397,6.751676275344335,0.4238896968409024,6.627444231245561,0.580866902864416,6.836440022390254,62.9,
632106,4,1,940,180,20,0.09412217736455006,0.05095795793587941,0.10758345189508434,-0.05662549395920493,0.09724954696120812,0.18570739756003574,0.23864970258142124,0.23319934355352787,32.18029811388521,80.7919739251461,3.486837009958036,0.5593538024302244,2.3968315326737617,0.47353152245390767,0.6526375833924297,60.5,
632106,4,2,940,180,20,0.358671113623802,0.24142841748146565,0.26112638530372567,-0.01969796782226002,0.13421895080892104,0.23670485343688322,0.18698829933406702,0.2547252653730449,32.470480049356006,81.64759878955277,6.231603396122212,0.7743977949977839,8.62708796352992,0.9117719659024762,10.361600282624998,60.5,
632106,4,3,940,180,20,0.6715224894340377,0.2513787868013853,0.26041796637065884,-0.009039179569273526,0.09231779950957245,0.2922757974881315,0.35287670473563615,0.37935720221440006,30.47617436823807,67.78775102684294,7.883763786148434,0.5806679796567727,7.200716319182817,0.6467410598316883,6.476366928201288,59.6,
632106,4,4,940,180,20,0.19679198168459328,0.14563274700342208,0.1635135406637264,-0.017880793660304317,0.11891824359111865,0.07612457065636084,0.2003711433718231,0.25412055605811174,13.079395353612052,76.73880479072231,7.390613722833735,0.9461023663397568,7.725987008495003,0.9768443845728421,10.168080384216049,60.5,
632106,4,5,940,180,20,0.09412217736455006,0.019807908778544932,0.04480187424910099,-0.024993965470556056,0.09231779950957245,0.18970087082984302,0.132540801214244,0.1878274332709146,11.314984262627425,68.26156360142058,5.10822795661948,0.6937251097733145,0.8609930098706495,0.3322622777717153,0.13162841777307388,60.7,
632106,4,6,940,180,20,0.09412217736455006,0.01799535010912621,0.0223314045894306,-0.004336054480304392,0.09724954696120812,0.39122453946844254,0.15903735751986983,0.36454826461206546,19.576139145594176,63.419095019644786,5.8843809673105385,0.129905594949083,0.06321116281199446,0.18423895882610042,0.07381311027999117,59.7,
632106,4,7,940,180,20,0.2407080461735861,0.1486381199837089,0.20515033739190022,-0.05651221740819132,0.09887275099553826,0.29511292699734143,0.0319810606865136,0.2559579571429174,10.745038036498073,29.30892348330887,5.661783679528135,0.7365639306703474,8.957491105163353,0.6931988630829934,5.894499222131463,60.2,
632106,4,8,940,180,20,1.550656200532283,0.4002872535214004,0.6058902757762291,-0.20560302225482874,0.12886564400723363,0.30033604678708986,0.20231709560808997,0.26278769178292505,54.05041851838178,89.00689930797107,4.252642305481905,0.34251209422717804,6.963430389186154,0.5429153962335727,10.066892540863261,60.0,
632106,4,9,940,180,20,0.19679198168459336,0.17676853871015566,0.09327061306615059,0.08349792564400507,0.20620398591597294,0.35223550607479753,0.35904345075187527,0.24456942750922872,46.18640946870285,96.40599491105048,4.5603987349749815,0.8140931078353842,5.191340951131514,0.9569614212053933,11.492706700800158,59.5,
632106,5,0,964,200,20,0.7440876254870327,0.1394284567359628,0.16356938902588833,-0.024140932289925532,0.0846378684948417,0.11235714687238751,0.08982633195484531,0.3144584195130087,31.308562073289533,71.74488377350099,4.350690987902123,0.3930120126015557,6.5573703317698735,0.5805022228664998,8.206241242848666,60.5,
632106,5,1,964,200,20,0.8756339707586855,0.06787761557432766,0.10143563914723457,-0.03355802357290691,0.07043397710876524,0.16735327253266843,0.21727496789288187,0.25328581837213215,57.851968726383504,91.55531571832552,3.3323071161432054,0.5311648265158403,5.309855472167505,0.6323424104194819,5.480956631408594,60.5,
632106,5,2,964,200,20,0.7440876254870327,0.11079678269122863,0.20134649329286286,-0.09054971060163423,0.07043397710876524,0.19221534733664136,0.0766508449009896,0.12978658212985128,28.067560757819162,49.920442149509334,2.578620279388793,0.37272070810830005,4.4913100586923065,0.6029984892112714,5.016025817386198,61.6,
632106,5,3,964,200,20,0.8093186899708615,0.13937652987751442,0.23110043528306484,-0.09172390540555042,0.06402934358058855,0.15788502173931637,0.31075713898211904,0.1874363354724802,43.59211009447007,84.44976153003107,2.7550314258638107,0.3240038009529377,4.99396029398143,0.5109594855949731,6.432649406769407,62.0,
632106,5,4,964,200,20,1.4955994835361435,0.221828105630484,0.25658584755328584,-0.034757741922801844,0.07043397710876524,0.18985865048457162,0.143296707803658,0.20328823206629856,37.184391521883526,75.10406312664144,3.5217915472945664,0.5519747757885763,6.442725722623579,0.7437453232887192,8.211781850646725,60.8,
632106,5,5,964,200,20,1.0349520121657172,0.21458500867481622,0.2682145957782392,-0.05362958710342297,0.08451756464237456,0.05335819546912629,0.13528388280021286,0.3759910681089271,31.26523553774136,70.83356316588218,6.427132196787677,0.5441613532538776,4.922417195837685,0.7494001690009205,5.323110119917559,61.1,
632106,5,6,964,200,20,1.210351291210761,0.15721940772692553,0.22861575026109726,-0.07139634253417174,0.08616328204742763,0.2806062659325661,0.22768491376005742,0.14963940104733692,67.7338935717059,92.97268033551603,2.4207194827483556,0.7158570354530678,5.828150583218796,0.731207200211733,8.431559320597074,60.9,
632106,5,7,964,200,20,0.8994035498996553,0.22212659348365726,0.40772744550326095,-0.1856008520196037,0.08662551598778678,0.18317112936333663,0.11470045579499183,0.16068364469744764,53.98196932994089,89.46611804937787,2.2808792749798528,0.45733792545834423,8.651144861219615,0.836732068295597,7.706259883491915,60.5,
632106,5,8,964,200,20,0.8933098390503804,0.22075544358409938,0.27868908049139457,-0.057933636907295194,0.08096754097470812,0.167547221022996,0.3598462590913575,0.3820426207459029,75.90071443755718,98.48076854724373,5.44129947367848,0.6943049248954595,7.979040115781424,0.9080558209528582,7.997155114874907,60.4,
634704,1,0,599,120,20,0.4446993699810996,0.10010909770036362,0.12204706485148434,-0.021937967151120716,0.06745113414988504,0.384992801066234,0.311619094477064,0.2334866498737199,45.160997745110585,93.11558816970617,2.134160079728224,0.497249041837654,2.549953131420928,0.6557344379390287,4.166460061632189,38.5,
634704,1,1,599,120,20,0.4341007579588666,0.14739001503584054,0.17067114105962625,-0.02328112602378571,0.05681409973273344,0.1152319241911704,0.2557799762721605,0.17376069830619112,42.802168597074875,82.97528557427025,1.9440511289481959,0.5985401606898458,4.718778096135514,0.658693575528487,4.340017046636825,38.4,
632106,5,9,964,200,20,1.0188693484280769,0.1927688992131266,0.21183008109749005,-0.019061181884363454,0.08691249686283227,0.26970239582388156,0.26826119726357345,0.06299713843568785,83.84740162261298,100.0,1.1177422976755507,0.653563116038803,4.253107280042286,0.8180338863986353,5.575288239339984,60.7,
634704,1,2,599,120,20,0.6560390153418683,0.05111293716672805,0.06536203232917254,-0.014249095162444485,0.055396869806970596,0.0906591462820114,0.2494355835283203,0.20821829101638697,49.54163816399956,83.9018107782409,1.9655636816557978,0.19325415658545134,0.28553793784461695,0.21608331591065538,0.22908828919216823,37.7,
634704,1,3,599,120,20,0.8718729284981173,0.2529562082106928,0.31813666497160026,-0.06518045676090745,0.05820481578329951,0.09709567064102802,0.07327056731331583,0.3886184495934708,25.6880258283057,52.58968070050003,3.713027148834395,0.7275667604260837,5.314315392013152,0.6570525274235666,4.496815130369615,37.8,
634704,1,4,599,120,20,1.1208534436487818,0.16311659983822,0.21734632015713576,-0.054229720318915764,0.05948659145071495,0.30940229175022194,0.38219780367626177,0.14150626247936723,50.37312069490348,91.54085714538299,1.6455662611437487,0.5174966170460776,4.5971617267716285,0.5581042627102233,3.878526784387495,38.1,
634704,1,5,599,120,20,0.625101085642933,0.30236755661381753,0.34348113401030506,-0.04111357739648752,0.0907662464694501,0.03550630539671845,0.11159258011390352,0.2667612838014225,26.727969825785337,59.13944349469976,3.283561437154066,0.6177105040509584,6.739967357918716,0.6702207485208608,8.29121592175113,37.7,
634704,1,6,599,120,20,0.7050413187356365,0.14463219375960576,0.21041845588301958,-0.06578626212341382,0.05820481578329951,0.2645122593028971,0.34626362218316775,0.13017753001269095,46.56482321962161,92.91101983260525,1.3682410444201558,0.6424937749108115,5.275877199115987,0.6699216412467831,4.302290362156418,38.0,
634704,1,7,599,120,20,1.850387763771341,0.2680861226604189,0.45847658908762856,-0.19039046642720964,0.05820481578329951,0.33356369828314314,0.33957840753374685,0.11484829661622195,60.566168596442076,91.47855296642054,0.8945451363234984,0.1944979822651407,4.086507535088417,0.5787763101068235,5.871754710129566,38.6,
634704,1,8,599,120,20,0.4040359586529751,0.047248994964794955,0.07883911170880677,-0.03159011674401181,0.05681409973273344,0.1531066068225414,0.12597593124077616,0.2352272610118885,39.713810665226845,90.08894434371156,2.1187341051591257,0.21945256625749493,0.3654813207619102,0.12244615935092926,0.11570915933261075,38.6,
634704,1,9,599,120,20,0.7394895479433111,0.30985853309376216,0.2824990332998986,0.02735949979386354,0.061690940187059284,0.12323172797938359,0.2651230103765243,0.36887006736844646,31.82927396774873,59.63362989659802,4.205431796762352,0.5870313690429882,5.266362157257735,0.6447464180393347,6.1041830778845085,38.2,
634704,2,0,881,180,20,0.3008094522329446,0.1301033591867438,0.17993461817854783,-0.049831258991804045,0.04271604154821699,0.2808020534026292,0.3408971317112641,0.1966228282524206,20.37699089196529,88.09161460653154,3.429834872639953,0.37628329100684643,4.881852823845123,0.47911577956020357,5.280721331272213,55.3,
634704,2,1,881,180,20,0.753060844632748,0.1547527499554817,0.18918957065594874,-0.03443682070046705,0.04849576042259258,0.3846808520903321,0.12056856119052083,0.3920006958491543,12.86676232729137,43.09834182249802,4.986701912149495,0.6907563181590634,6.90785943218321,0.6852083390247907,6.379296748249521,56.2,
634704,2,2,881,180,20,0.753060844632748,0.1636336941634308,0.19472372257975767,-0.03109002841632688,0.06650648120957715,0.18445614778859695,0.10832293097070277,0.2763489592761299,26.256652459297857,69.47778727915824,2.567832200648873,0.5462366577552525,2.8378021022089803,0.5674586505311332,2.974110274849143,56.4,
634704,2,3,881,180,20,0.6507363109312622,0.19969361724838725,0.20079019737431905,-0.0010965801259318064,0.057639088599811754,0.30444295692407997,0.06817872362753769,0.16539774326869297,22.914676482350515,57.32146465076155,2.160526476767315,0.6808235589287208,4.519835138023008,0.49288861885403884,2.794856443273905,56.1,
634704,2,4,881,180,20,0.4863784702574385,0.14549489974851315,0.15967411235721118,-0.014179212608698033,0.05640832073336167,0.09727511103027077,0.0630250117338744,0.21692190821458834,24.100039311224425,72.01814917833572,3.3300349942440106,0.7936162172464639,6.39176747970538,0.8046872520516923,5.836982883748736,56.5,
634704,2,5,881,180,20,0.556493730480565,0.1167592845174974,0.0956708931099008,0.021088391407596593,0.04271604154821699,0.11405296609172581,0.237430458482531,0.2267811932846581,28.817455231529216,86.53474199185499,3.810688629682396,0.5818627598934213,6.137225961074106,0.6523149488940891,7.112215823269653,58.4,
634704,2,6,881,180,20,0.7745781892493685,0.26046088711586235,0.3420943879164296,-0.08163350080056725,0.04754611467613775,0.30750967112064914,0.14602564676034666,0.22656630598678112,25.692838277953815,73.09678821765263,3.9408957244977745,0.5177674914917224,6.972695837673519,0.7340887243319595,7.4199592946839505,58.5,
634704,2,7,881,180,20,0.22039183558001296,0.0804018116219183,0.11205373296444313,-0.03165192134252483,0.04754611467613775,0.3502372670909498,0.20659694622696992,0.20890537181495555,29.939041892056373,78.320225538556,2.8661093744382575,0.4938381500914593,4.379526916432148,0.5179340604926638,4.6333751012506434,56.9,
634704,2,8,881,180,20,1.01185096700721,0.40876408340873993,0.40880452603526923,-4.0442626529302306e-05,0.06316501229456802,0.23569082890351067,0.009427553226259544,0.310702600798202,24.663075764092554,29.22707952263059,2.6994696437017645,0.3867761566627347,5.3398888967553315,0.47238325920788193,7.539439366483942,57.4,
634704,2,9,881,180,20,0.42058236570947904,0.07123652320132925,0.06766095684336192,0.0035755663579673386,0.04424416597205886,0.2696872601090161,0.10728274335517218,0.13944225025960078,16.88509082869052,74.86810465907784,2.6501072212675476,0.5511648835758965,4.666895506400084,0.539516009322523,3.9201313205804245,57.5,
634704,3,0,960,200,20,1.0290700444684413,0.1517043871620057,0.2063248951442182,-0.05462050798221249,0.057639088599811754,0.39552357942781324,0.02545523135637137,0.24378546919310992,18.879610965263108,35.09385442157938,2.011211380051191,0.4719304517333583,3.0779746944941584,0.48970358850284507,5.252844113221514,62.6,
634704,3,1,960,200,20,0.8094812494284841,0.324392421468255,0.8200210813894158,-0.4956286599211608,0.06737114153206711,0.3042801353701266,0.039495474356257054,0.135553547666886,15.879850238640506,47.66778743854074,2.553003203593109,0.39119297079939397,8.586139138620766,0.51701355931127,7.204780267342688,62.5,
634704,3,2,960,200,20,1.0905317776479282,0.1590227742613216,0.18274937560727153,-0.02372660134594992,0.05640832073336167,0.19007346666810054,0.05926048295412967,0.20490127663945346,23.88044364853494,49.037105231068736,2.9548204469903845,0.8499591810126925,6.032325335940501,0.7513825083156409,5.24880228284641,62.5,
634704,3,3,960,200,20,1.2649844804654657,0.1640908515130252,0.3616720326564608,-0.19758118114343562,0.06181624934038881,0.2768603739803148,0.05476687452839138,0.2695675864663844,24.47790530527555,40.95516474696603,2.311837085802188,0.5158850339695817,5.05445030872595,0.6607217553696906,5.179039698546754,62.5,
634704,3,5,960,200,20,0.8992837705590818,0.151133464555248,0.1430383046033813,0.008095159951866715,0.06181624934038881,0.2901294066649212,0.058895729450875345,0.2654018089115373,17.98742498916567,37.71885052600774,2.5050090055806673,0.6343083868167876,7.399243925020277,0.6268542985199917,7.799868008723072,61.2,
634704,3,4,960,200,20,0.7722213484476724,0.1255602458124629,0.1309430009164152,-0.005382755103952308,0.057639088599811754,0.20776076143553035,0.08814329938848507,0.2118386326855924,14.723405409593637,40.457715908231265,2.999497410244599,0.757283353989427,7.284541679375127,0.8219962896325171,7.51765689468191,62.4,
634704,3,6,960,200,20,0.8157725456912235,0.22782136967717265,0.21020146986282448,0.017619899814348167,0.06181624934038881,0.3267156874978495,0.018529782511503112,0.1950891612017042,16.07050769405389,30.021380715047616,2.140181780605283,0.6267559518027556,6.659111538096656,0.820743079931331,7.5398831757767395,60.7,
634704,4,0,446,80,20,1.9304385647919937,0.27879738707063473,0.29337501135147953,-0.014577624280844803,0.12154233993341226,0.28967653363880985,0.019992900239211436,0.08827448138783278,19.602289476056942,31.50836633637,0.5250265280984545,0.31661037017966454,3.121605603096875,0.466415392300967,4.121161679606542,28.5,
634704,3,7,960,200,20,0.8331174993134579,0.18907962937352948,0.3593014896397195,-0.17022186026619,0.06402934358058855,0.31731956002360945,0.030333754387496026,0.07584835743406812,17.554781825227682,38.857291527010815,1.1630830059400303,0.44374628886051104,5.335716494028369,0.8552863956645422,6.85544224961709,61.8,
634704,4,1,446,80,20,1.4663444706061894,0.8745049293742444,1.027925956423426,-0.1534210270491816,0.14191306538200824,0.16989942147454573,0.025827603423592277,0.09859161992760612,22.15269829339217,28.979577697208725,1.0917610533260818,0.18494564441830344,5.0987219334393075,0.3440080765524595,7.110275234539569,29.1,
634704,4,2,446,80,20,0.4780182977626864,0.19273087007258854,0.24763918829147932,-0.05490831821889078,0.1399853450252676,0.08460826885633962,0.01979332812956114,0.15668491809664795,19.766921651544116,34.644708696414824,1.39406612850268,0.7283886259385134,9.445453304559893,0.7795726596514624,6.82764146066759,28.6,
634704,4,3,446,80,20,0.3413993352401037,0.1343653857861758,0.2340136663913885,-0.09964828060521269,0.14193205419817004,0.04330130611107161,0.04325212847491647,0.37168670242848134,13.200380911979058,20.90772453330543,3.2717359535096473,0.5869885250235508,7.7508498624369055,0.6597839569063678,6.375934337513286,29.1,
634704,3,8,960,200,20,0.8224324558650551,0.0976238829924804,0.25627838321060303,-0.15865450021812263,0.057639088599811754,0.19647784141428623,0.1165255363059928,0.08975194995216963,38.09307131628558,70.2338674856285,1.063460421396622,0.4195415054034929,4.4642558867249225,0.5391992739643149,4.3188437664509625,61.2,
634704,4,4,446,80,20,0.9388570559111038,0.23258642085918302,0.17991971147374597,0.05266670938543705,0.12402500437773763,0.2635207945067219,0.022610094930297087,0.133755961531682,20.106974846094914,27.748802009275373,0.5931974306369056,0.46230826277682446,2.802536505971774,0.42375339205509865,3.1274361254547434,29.1,
634704,3,9,960,200,20,0.9044638836110542,0.18311967086312325,0.1944783918020178,-0.011358720938894562,0.06181624934038881,0.2755205800366983,0.10580053215417146,0.045507358214802646,28.57373471641286,67.45604385187619,1.481620340164579,0.716245430381571,7.4417202707215955,0.7614575829329632,7.606076022495161,61.0,
634704,4,5,446,80,20,0.9388570559111041,0.2389430292083646,0.250712718977952,-0.011769689769587394,0.12415485212570314,0.21564107881257025,0.04581891707865715,0.10674772666562075,20.051113497004525,30.606893138920917,0.7293073077757065,0.3933202449613489,2.9984899314435287,0.6466019105412756,4.2873431390379855,29.4,
634704,4,6,446,80,20,1.0962049471975237,0.23883995180214362,0.36515576812301226,-0.12631581632086863,0.12104607582707815,0.11900174284789924,0.006108401119429591,0.09110602999383204,18.123139702253443,22.266196005690702,0.9793278167883308,0.5916008472977375,5.72385660642798,0.7324653395936711,6.531295265199769,28.9,
634704,4,8,446,80,20,0.4535416003664624,0.445680811411916,0.32829829784609865,0.11738251356581736,0.15137055676732525,0.10514872131777446,0.07840879946757157,0.1480682711608999,24.242645710662476,40.315818150657435,1.5685677308848078,0.6267988867035706,7.920875766526941,0.5653916704982144,7.232707540203068,28.8,
634704,4,7,446,80,20,0.7319514131275946,0.1703476273164615,0.18074321320876482,-0.010395585892303327,0.11891824359111865,0.08791240570157118,0.052397700434095085,0.08828750772367862,17.375853747501342,34.75622709809366,0.7149204252774993,0.34457565542597013,1.4539260953911157,0.639177942899892,3.918040510285312,29.4,
634704,4,9,446,80,20,0.32094298386179465,0.09571094040671888,0.10114052919953376,-0.005429588792814882,0.12154233993341226,0.1273062135045161,0.08794855017780275,0.11991636712696856,20.0783596356564,44.636776394499115,0.7123472048686721,0.3611375793111861,2.0021026539291413,0.46064705743169393,3.065097400385983,28.8,
634704,5,0,536,100,20,1.5783091390615789,0.29659535986772256,0.36079010637428915,-0.06419474650656659,0.10251099627629529,0.17077258385853822,0.34790561661198116,0.16097092344694505,32.40892951423016,79.50660953984311,1.1534474849643408,0.2707939319499969,5.280063160204023,0.35701609119730543,4.809213437563538,36.2,
634704,5,1,536,100,20,1.1943587809409935,0.27140125604666093,0.2547044819187257,0.016696774127935243,0.10246401566908599,0.18860592416299587,0.2997665147585131,0.1602461597467166,25.78404412109281,64.95033219353911,1.7404526403586638,0.5958058194939159,6.455376976739094,0.4633665897461442,5.331690224022555,36.0,
634704,5,2,536,100,20,1.4716328361330304,0.7964867538888808,0.6363845625579946,0.1601021913308862,0.10613689309024954,0.16575569912110744,0.09226496874138777,0.19949216015639518,13.459713299327422,33.53731236945533,1.7097859996419347,0.1889700699302142,4.161304550988659,0.2162458900448881,5.328040319094831,35.9,
634704,5,3,536,100,20,0.9510259090365409,0.5072285127709929,0.4756684194603954,0.0315600933105975,0.10840969999267416,0.14150644959785447,0.23407665001561495,0.1904405669478259,28.621064546712994,63.656872676066385,1.652687849394612,0.16895106095035856,2.360591453716888,0.40686858631698375,5.480823764281123,36.0,
634704,5,4,536,100,20,0.8908305254678865,0.24153047754015042,0.27190891765882375,-0.030378440118673328,0.10840969999267416,0.25724351331098533,0.2061780021358345,0.1105166910606996,33.152676242299776,86.09070187920675,1.0497443707421223,0.5424514616622987,3.506131222384289,0.556262107015347,4.181904161835697,36.1,
634704,5,5,536,100,20,0.997896303611804,0.39466303329864616,0.5838413360728749,-0.18917830277422876,0.10840969999267416,0.257469190417651,0.29567888057581476,0.00609752743812475,40.3055877815115,92.20114201607932,0.3634275579097012,0.15904308411663456,2.4606002217071854,0.1890659907135553,1.8025836724917392,35.9,
634704,5,6,536,100,20,1.2089663673928883,0.11170602402157252,0.1731057716322361,-0.061399747610663566,0.10840969999267416,0.35561131458891454,0.16724580007872136,0.13588433710515824,20.30601237293741,63.626393049402765,0.8674799927439973,0.3824899454483114,3.568079618764948,0.5008801828603946,4.409894059832437,37.0,
634704,5,7,536,100,20,0.8754822192666303,0.4629760742415047,0.5168834765490029,-0.05390740230749819,0.10840969999267416,0.33655936869473746,0.27979292100310493,0.1756796063766501,31.81078586802274,77.87888491439607,1.2770523965241922,0.16912153246005493,2.6789142869366116,0.23337144958896183,3.024922066863951,36.6,
634704,5,8,536,100,20,0.9730387785325837,0.929055433430165,0.6602065803062793,0.2688488531238856,0.10840969999267416,0.1623489786048778,0.13230413001562355,0.28714955150300875,21.264560043362412,59.74589794760849,1.699673694141936,0.22364597984397416,3.759129630484031,0.18310463597949106,4.618348714077671,35.3,
639872,1,1,813,160,20,0.9468848357497753,0.24232526515176644,0.20330610944513294,0.0390191557066335,0.04754611467613775,0.03812814399623654,0.14231990802911254,0.11868549709947439,11.353866509906856,44.71274204135692,2.473491663808392,0.7207684860690091,4.723907038167546,0.6161178283049044,4.783336372790534,28.0,
634704,5,9,536,100,20,0.9892923070898146,0.21751209585676506,0.2803346093987975,-0.06282251354203244,0.10840969999267416,0.17305967407709072,0.20949512638002749,0.2778813940347254,17.355043633852883,48.67848237013579,2.272108421336507,0.5734516703251883,5.7559840043019905,0.46693738536872176,4.581313278733667,34.7,
639872,1,2,813,160,20,0.926259428287624,0.23630136758160863,0.25727356448690736,-0.020972196905298723,0.04754611467613775,0.044639374504504004,0.07887280608913814,0.12850567573365285,8.35918876260181,34.55031745196922,2.4401002625665322,0.6523886534073414,5.068328815419203,0.5708447263449475,4.360410098000804,35.4,
639872,1,3,813,160,20,0.9176848359118708,0.31577412369645874,0.3116836936135242,0.004090430082934526,0.05640832073336167,0.05730512585823541,0.06470749120834687,0.12000589352317811,8.735445066288852,26.471847543623106,2.461103835930078,0.5929103988973933,7.814524757821766,0.6387537371474152,6.409861661045264,40.3,
639872,1,0,813,160,20,0.9547976936996367,0.41841731203521226,0.4103531316015131,0.008064180433699164,0.048870524013532354,0.00982352160848235,0.07960688796119482,0.08725304799267218,8.645328374327057,36.91699615288089,2.175536656129109,0.42437882034463886,5.632624067184933,0.4139658281359894,4.544461217120498,52.2,
639872,1,4,813,160,20,1.1460243655845583,0.32291343154639535,0.2989956451490564,0.023917786397338936,0.04754611467613775,0.10821972971752905,0.14779796669227302,0.06128145915903388,13.82743903186259,44.87868106437238,2.1515285219209312,0.5142380051461213,4.077362548417748,0.5686155131507483,5.95554547371713,48.6,
639872,1,5,813,160,20,1.0309821833629167,0.30702373018850654,0.2945968349450858,0.012426895243420721,0.05872371726682196,0.10574630977737608,0.26436177267412886,0.10917520127475049,24.509742660100006,70.36781421601032,2.379766069828664,0.5096944995143483,5.20839025487548,0.5363497904755128,5.063272874215695,53.4,
639872,1,6,813,160,20,0.9176848359118708,0.36200012427224204,0.33401122657947246,0.027988897692769577,0.05872371726682196,0.24526016835515266,0.05802203103655168,0.08337911207362485,8.677099973253055,27.650641200975514,2.4383098167272643,0.6037588079061948,4.896507373877706,0.6183015796066342,7.751425366042632,47.4,
639872,1,7,813,160,20,1.1139013462766436,0.40223600796679165,0.34570136589918254,0.05653464206760911,0.07043397710876524,0.014025931928232094,0.2937706757309797,0.0905774564258191,18.69403475504124,79.04759331673489,2.244610248824094,0.4623422978155898,4.934537200309273,0.5470943820298798,7.35006318685046,39.9,
639872,2,1,741,140,20,1.0223079891920304,0.4669851202384807,0.6465889414010949,-0.1796038211626142,0.04271604154821699,0.10318554092900006,0.30076284547392046,0.04015658597647473,24.402123863944684,74.36307084150289,1.2543599406897747,0.37045501568596817,5.095196813434038,0.3171383841984037,3.896643629175235,18.2,
639872,2,0,741,140,20,1.0123081427142326,0.5820011874190582,0.7280876500289507,-0.14608646260989255,0.04844011014866123,0.0704912476257833,0.1667425880463013,0.30378140694985967,14.483305593685653,64.49148779308243,2.093076708762216,0.2824464682667394,6.228398184981821,0.33920175046659445,4.775969611111721,27.1,
639872,1,9,813,160,20,0.8927855423500166,0.27308475414461947,0.380962617528656,-0.10787786338403654,0.04849576042259258,0.0877250010218658,0.30393366486689377,0.18465301420546482,24.5618374108715,69.40941111053971,2.670574693992985,0.4889672198993903,6.659221998613392,0.6542528217293793,4.46248267604917,37.4,
639872,2,3,741,140,20,1.1031600643308885,0.5243162871601609,0.5329404888136267,-0.00862420165346578,0.04271604154821699,0.1015828966741625,0.33669702222606845,0.13371606537223818,24.576697695813262,81.0863374396717,1.8188060905082815,0.39984826185230027,5.26126531862122,0.3778843668870085,5.260976724860712,18.6,
639872,1,8,813,160,20,1.0371343570411078,0.43604558149666206,0.49627060107907467,-0.06022501958241261,0.07135703199592885,0.0805965399530903,0.16102145479810454,0.061877028027754244,11.631468815182004,38.32957495592335,2.1742421342479443,0.517725545374152,7.049905784310399,0.5922906643255625,8.216947524029537,51.7,
639872,2,4,741,140,20,0.9391162271251097,0.45394760881334495,0.46669695235818914,-0.012749343544844194,0.04271604154821699,0.2042609754876969,0.170921441577351,0.09091104043296414,23.366961128066265,76.27432180940195,1.3863497610066433,0.406967317757168,4.612240075900306,0.44235953906669967,5.907240806547596,16.1,
639872,2,2,741,140,20,1.0561864392527598,0.549456298030842,0.4987899094581939,0.05066638857264805,0.05872371726682196,0.27780835097566126,0.32994619720657214,0.211014190790912,30.794855100111324,92.67366907710182,1.9100190883407306,0.3777355819228245,4.161476675228271,0.4329887361322526,6.80833160870097,34.4,
639872,2,7,741,140,20,0.9985102335918818,0.5195776961532399,0.5628890211833161,-0.043311325030076175,0.04271604154821699,0.3026734027676449,0.3256302131592286,0.2990093269535007,27.69644921233005,92.22545607983247,2.0563322584477723,0.29943173010075186,3.6197697152415236,0.3734116971504136,5.622069149315216,18.2,
639872,2,6,741,140,20,0.9379720680661557,0.4704808760582607,0.4703805909694145,0.00010028508884624143,0.03553909492430536,0.13051204597533347,0.31116436968817274,0.11491964855060698,22.701297217452574,85.9549221657481,1.486467220909994,0.2522599663183036,2.6127000378470466,0.28437764664736326,3.342851843369843,20.7,
639872,3,1,633,120,20,0.9972377654836088,0.6790782184593184,0.7686425913767926,-0.08956437291747421,0.031873662560649,0.2169470615514008,0.1292583555720196,0.10809411759228257,2.688495272440063,21.099419660107383,2.143465497044182,0.25667300743085597,4.115767634210584,0.2419069737258067,3.7350952398397843,8.1,
639872,2,5,741,140,20,1.007548945285632,0.5047503950399228,0.43690313971527833,0.06784725532464447,0.04844011014866123,0.3370308058896688,0.29355460013986817,0.11057595341270111,29.97244737111577,89.76307825367537,1.361608927606964,0.29427622635253514,3.095157897768942,0.2755814911394813,4.563785414278344,23.1,
639872,3,0,633,120,20,1.0219548416530904,0.4208208627393155,0.39879402366297395,0.022026839076341564,0.032987214645588604,0.14078406092684018,0.2606710559760132,0.0685002188173717,6.36994134207867,47.87606761394102,1.6631157051890564,0.3545635372093431,3.0615665410656265,0.34667670257632616,3.8981837743866756,10.0,
639872,3,2,633,120,20,1.0005651959295028,0.5286905304215079,0.6883108130263028,-0.15962028260479488,0.030937529136092577,0.3370308058896688,0.3742624666161582,0.08723419837050822,10.872074155919847,54.64904820413711,1.5652845310011168,0.23168053344658115,5.169341998844953,0.28402351551624,3.880065489213574,6.4,
639872,3,7,633,120,20,1.0159229823781424,0.38497420792380976,0.6160013149931376,-0.23102710706932783,0.024219572669296936,0.020267464483341185,0.26424073886763033,0.02940941642272596,10.646382211154322,81.83656573055454,1.433872666875235,0.2830091282085178,5.233171672973725,0.4386727094032096,4.58695791068018,4.2,
639872,3,4,633,120,20,0.9986185179189652,0.43046769163206755,0.44017165661591934,-0.009703964983851787,0.030937529136092577,0.3035152044876573,0.24590953914003974,0.04886951559590638,7.01362025364086,29.771601040012055,1.594824622191689,0.39242676455229825,3.6803163470470914,0.43320029307642194,4.3801691491422705,8.0,
639872,3,6,633,120,20,1.0365596014845855,0.5488516985689711,0.6283842730933242,-0.07953257452435314,0.03718521202611449,0.11111321138079731,0.2764482822517157,0.08534779907981523,17.173245744166838,57.553701203965915,1.6585784329387383,0.30748143262302874,5.228534751700388,0.3583081691440993,4.691254586537199,8.2,
639872,3,3,633,120,20,1.0139790862147628,0.556706581018279,0.6672587337311555,-0.11055215271287655,0.030937529136092577,0.2442321963100613,0.20050970608147548,0.042788389255280834,6.201732924488982,40.216787960576426,1.7193721930544585,0.2826945270976573,4.785807109551981,0.2559066051476544,2.997871141162791,11.9,
639872,2,8,741,140,20,1.0753277332124176,0.6789327386942212,0.6892373460030649,-0.010304607308843639,0.06650648120957715,0.22062813329281122,0.18264947727831787,0.16836058265326567,17.812042112527433,51.8435875368449,1.772183688616746,0.27919288106893375,4.627292329972796,0.28239586026018954,4.571168424819995,29.9,
639872,3,9,633,120,20,1.0090979929377222,0.5298633584702375,0.6052611571255827,-0.07539779865534524,0.032987214645588604,0.24947300016110038,0.173942150813273,0.0783463532930798,7.022059741213715,38.776316397616434,1.6894391163976856,0.2897093733695663,3.7081769942935394,0.2900385215721365,3.778592893752594,8.0,
639872,3,8,633,120,20,1.0139790862147628,0.7382993493830803,0.8831552306960584,-0.1448558813129781,0.04271604154821699,0.052116297003370754,0.07656510762282175,0.31752730112051775,4.075690724818872,18.14438101044235,2.2291981377660908,0.20242639474059004,4.470723756717028,0.2839869527948444,4.800789736586593,14.0,
639872,3,5,633,120,20,1.0063910213948033,0.3637735639913011,0.4536015481659091,-0.08982798417460797,0.02337569359278763,0.3843641990002485,0.16513759320113724,0.02698346595097853,8.001481361579216,51.15864379235406,1.433154330598463,0.3189423394788415,4.104604681776441,0.36003222197855883,4.2129238173340955,19.7,
639872,4,0,340,60,20,1.0094837523204048,0.3281800593729361,0.5275554064948117,-0.1993753471218756,0.06650648120957715,0.3031195672770377,0.1507984270398201,0.2979586385491866,11.641531751451547,34.123841988534465,1.903646028998742,0.15235221308219835,1.7514606752499071,0.42148969100191963,3.1723316185179478,22.0,
639872,4,1,340,60,20,0.985535562578981,0.47277376005112604,0.684704863763325,-0.21193110371219892,0.07043397710876524,0.29569347153051356,0.36695929264631344,0.3659453202940536,14.878057553829375,58.74580356844237,2.9585150537223424,0.30667430608922,4.33693867428853,0.4186594520710916,4.323197793023228,22.0,
639872,4,2,340,60,20,1.2376310949427776,0.5420464708727193,0.5703969060381457,-0.028350435165426457,0.08616328204742763,0.2781900328514698,0.36492821899762906,0.37238286867559856,19.068432515243277,55.50585271470715,2.7099010120088045,0.3801879598115506,4.632622359264203,0.3939071713825029,4.902621285900943,21.8,
639872,4,3,340,60,20,1.543401977744262,0.27888237582603664,0.5020800215237088,-0.22319764569767214,0.06650648120957715,0.3935218561412252,0.34743630433659634,0.39719280618989183,20.964121073154356,54.115654743436664,2.1394821494908896,0.17244845693052963,2.3604359066866722,0.29838214305958555,3.1975620320886473,21.9,
639872,2,9,741,140,20,0.9861463385560394,0.44793192750930166,0.5384487783914127,-0.09051685088211103,0.03553909492430536,0.1979186614095438,0.23928263158675453,0.04012031127030721,29.738168823410653,84.81246259274873,1.1652890299414123,0.3130376652431069,5.455570141252343,0.33557083771731194,4.351973690466309,48.2,
639872,4,4,340,60,20,1.0280764823292976,0.3291513905237108,0.4990201772111037,-0.16986878668739291,0.07043397710876524,0.3510268543166142,0.2667132999825109,0.3975712617590067,17.955349598642528,48.22434914741019,2.0082948681220536,0.2765443914346203,3.4192458505767247,0.5380331236656515,4.9626512750846254,21.8,
639872,4,5,340,60,20,1.1015017088450871,0.4379118520936361,0.44858949610940546,-0.010677644015769372,0.06650648120957715,0.17568788639821115,0.3900209350983414,0.36706595436186185,18.82525249608182,57.25934504815587,2.533402001370243,0.5539333905594741,6.456065941984781,0.3059847489790661,3.5822376177558093,22.3,
639872,4,6,340,60,20,1.068382972959463,0.5793325255387624,0.778768805547793,-0.1994362800090307,0.07043397710876524,0.35293651421346006,0.39932066658712667,0.3608995595835183,10.328340674841852,46.66726497140009,3.1874878245789526,0.25695773049889337,4.268440178878661,0.34165387685168186,4.323197793023228,22.1,
639872,5,1,585,120,20,0.9971261664422608,0.5144107361625849,0.6238959515611299,-0.10948521539854494,0.030937529136092577,0.20534342493822416,0.3207546671638033,0.22994098628324014,19.013981493850476,62.40121267512502,1.800774397092205,0.3061059833422953,5.715663096354011,0.32053527970414536,3.687209778489429,11.0,
639872,4,7,340,60,20,1.1464393446710153,0.45594801630131615,0.42314610299749567,0.032801913303820485,0.06650648120957715,0.3164685060960939,0.3497278490023482,0.29664335880255377,15.249134441769788,53.52599469328992,2.1820792351042155,0.35602951182806225,5.695879705313403,0.3503540177201971,3.993912622039501,22.1,
639872,4,8,340,60,20,0.9869328020816381,0.6244461862856895,0.7759699335936255,-0.15152374730793605,0.07043397710876524,0.3308016083137024,0.3144392997777962,0.39871750936277217,21.73560128159706,56.918424857042254,2.2813082066175454,0.31044611812774675,5.270342905466511,0.33265471462624835,4.684656158352721,22.0,
639872,5,3,585,120,20,0.9961815549833856,0.480160607937177,0.45836192537627163,0.02179868256090539,0.03553909492430536,0.11232016425562427,0.329451264932227,0.22165642384044754,12.467782782956162,77.22719564960411,2.0293534110702693,0.4027173659381134,4.4477121590247615,0.33804717799857753,4.1163928955505344,12.8,
639872,4,9,340,60,20,0.9905286075006878,0.38613062906667833,0.6652008287160126,-0.27907019964933427,0.06650648120957715,0.27254037058239156,0.2822930718770055,0.3047747809938567,12.148165759472159,36.625259884998854,2.6540662799046686,0.34942886876073603,6.024648279517734,0.5153784563950569,4.453850357695932,21.9,
639872,5,2,585,120,20,0.9961815549833855,0.45684652535265063,0.45399373216125893,0.0028527931913917004,0.030937529136092577,0.21777466336402332,0.33159302553297076,0.10458077673040093,16.1026419776184,85.54105129890806,1.6557127028625491,0.3140414533710721,3.150996102857344,0.333942937447174,3.786208611922209,24.8,
639872,5,9,585,120,20,1.0632826708454126,0.45877575083762057,0.4752086972820976,-0.016432946444477015,0.030937529136092577,0.11239508179240447,0.2635843173146576,0.1807430752282704,13.70396510408141,68.24316775794807,2.098268396034426,0.36115940137809893,4.943815587071484,0.36270865258008705,3.7133165652319824,7.3,
639872,5,4,585,120,20,1.0879505153798026,0.38206362080731154,0.4634496051200227,-0.08138598431271116,0.030937529136092577,0.10438918033565911,0.22998023756425298,0.24557730994039523,8.88730453665508,48.85887902467492,2.2606973763859566,0.42373616315640217,5.1026795130785265,0.510128309483422,4.801694357502116,19.8,
639872,5,0,585,120,20,1.002811127814592,0.6054788521988763,0.9038858269450495,-0.29840697474617317,0.03718521202611449,0.19546617554030596,0.34016502587132175,0.11065399663690718,24.85773595616366,87.5937141639281,1.56575259504353,0.25141269233088387,5.497448298644375,0.30222618943952073,4.374080531536898,28.5,
639872,5,6,585,120,20,1.2366766160314056,0.5063210439163549,0.5723374470465085,-0.06601640313015356,0.030937529136092577,0.21702996332085855,0.35904345075187527,0.19106527098822834,16.001574644323824,78.27330557193352,1.9504151230217335,0.27396013070578834,5.134345763430427,0.36150727116753795,4.750041155773181,16.2,
639872,5,8,585,120,20,1.108998629894573,0.49013024439959596,0.48206612625351025,0.008064118146085708,0.03553909492430536,0.35252262651231414,0.38849758970838494,0.18465301420546482,17.862161607316697,87.00744352320419,2.1382491317386045,0.3297574212064262,4.587741399357462,0.30218385364235717,3.6893905094800923,16.2,
639872,5,7,585,120,20,1.0010383948107036,0.3833100829042064,0.42459879101506587,-0.041288708110859496,0.03718521202611449,0.07048683885485388,0.2557375950925383,0.15750231134866588,12.786355548306103,74.61529365461786,2.0186394721099736,0.4947101526856996,4.849059393806043,0.45894581520141264,4.152491662030772,16.4,
639872,5,5,585,120,20,1.0247980048688023,0.40179400001193116,0.6549709013595123,-0.25317690134758114,0.030937529136092577,0.14145678331979392,0.18505117149229233,0.367085099120658,15.861197708986518,57.780731736682434,2.106975534730096,0.3619015923572345,6.401919837760834,0.4046524767824969,3.707841978576497,25.2,
639876,1,0,785,160,20,0.928578101362481,0.44237251311860293,0.4873322662072718,-0.0449597530886689,0.048870524013532354,0.20226319742291135,0.06961897789051116,0.3893578745204523,22.171395938243617,50.64465455844463,3.0184865932031175,0.3549475359291818,5.351084068956415,0.3871276530372449,4.279996392570686,49.6,
639876,1,1,785,160,20,0.8736855885823083,0.32736935384292076,0.5647243658733864,-0.2373550120304656,0.04424416597205886,0.21642999463684637,0.26087596209999186,0.027635962662045294,53.27256343792414,93.50692118581466,0.6385833007399909,0.40338907338071,5.371996421965771,0.4987967001262061,5.960623428870867,49.5,
639876,1,2,785,160,20,1.0831991464580077,0.3464832694412947,0.6242107096405033,-0.2777274401992086,0.06181624934038881,0.06264098704674409,0.18475316338469466,0.3884950858173043,8.886467336581298,56.44173176169931,3.3726049392029185,0.3073335333270464,6.2852729373851,0.4022686926055866,5.714813695908886,49.6,
639876,1,3,785,160,20,0.8736855885823083,0.3699284307375929,0.4945538915363089,-0.124625460798716,0.06402934358058855,0.1463578876536048,0.3898396020648227,0.36601036344205845,31.99045373669843,89.10617890427994,2.989276109934555,0.43650473587252353,6.504783492073815,0.5696225444038634,6.297158082233486,49.9,
639876,1,4,785,160,20,1.0496989829099703,0.33194486219905506,0.6155327040815063,-0.28358784188245123,0.048870524013532354,0.18544051005061216,0.009718305135251848,0.3129427101750674,12.599799792877395,21.30328150045909,2.6790430239046104,0.29415309860516736,7.655786656393263,0.5164084842702349,5.275625219579445,49.4,
639876,1,6,785,160,20,0.9180242797428987,0.31425003084473635,0.31724784624669494,-0.0029978154019585923,0.04271604154821699,0.1277700507047723,0.36202154468980186,0.39186115832329277,34.246211018953275,82.71033506112947,3.2819662055633856,0.4688113546318856,5.6675674625488925,0.633533427545385,6.362732294163594,49.7,
639876,1,5,785,160,20,0.9513997360821913,0.35071912495370766,0.3478612042631597,0.002857920690547966,0.04271604154821699,0.18359163489352145,0.0571422008815346,0.34816939361479476,14.452432863119842,27.680477523996718,2.7555554084375355,0.46522844384251405,4.380421480518278,0.42766901808173374,4.2339695707972185,50.3,
639876,1,7,785,160,20,0.8346748817041305,0.3363622265790973,0.4803576168490228,-0.14399539026992547,0.06181624934038881,0.28567322728341304,0.13086264876413167,0.13283827303613288,15.077509938781702,45.40024845039434,2.1284737766077706,0.4113160477864405,5.627450029051188,0.49317851239979504,5.095758076049631,50.4,
639876,1,8,785,160,20,0.8365850842175723,0.16538223014280756,0.3944374945320397,-0.22905526438923213,0.04271604154821699,0.2924488871892038,0.14083768513202854,0.23783670397482568,17.028704150826936,51.171912054252275,1.9820817710301686,0.23760138540595357,2.4461490123275023,0.4698165250468666,4.20324805969448,49.4,
639876,1,9,785,160,20,0.9232301584317775,0.29652615824175826,0.44427309993444003,-0.14774694169268177,0.07043397710876524,0.3197349130781019,0.30133285112922514,0.27779886693239264,41.257107293549254,96.47518033872423,2.692214576500349,0.4834652333634989,6.2153152000587,0.5383401181701376,5.16508873382748,49.4,
639876,2,0,832,160,20,0.13854104679910484,0.10579600238810812,0.17368380079664997,-0.06788779840854185,0.04271604154821699,0.3667620756524848,0.2183773270126183,0.218627764045766,30.612253618844385,85.19750531002845,1.4226902946609115,0.29554956270046234,3.468093413481378,0.3804970379801472,5.425615964747315,53.0,
639876,2,1,832,160,20,0.13854104679910484,0.07534745823691245,0.140598054493522,-0.06525059625660955,0.04844011014866123,0.36717681641060473,0.31172700943324844,0.3583825195712499,48.18908813050309,89.9943265326225,1.5109199223483634,0.28559453067111323,4.173917053165693,0.44772982943520706,4.169257748728764,53.2,
639876,2,2,832,160,20,0.2670810648219496,0.23948392583312197,0.2515877344849812,-0.0121038086518592,0.05872371726682196,0.3969793797909767,0.22283508572125074,0.03491542593841529,66.07098609055244,93.51954825404667,0.4413408971920982,0.7914085426968749,8.979109449745042,0.8732106784011764,6.917608451891827,52.9,
639876,2,3,832,160,20,0.11852182356449573,0.0497224038841837,0.11238820446714007,-0.06266580058295637,0.04849576042259258,0.3314640134986996,0.24758251171811962,0.17793763035562327,49.411754855367334,94.77001231130065,1.0585551652188412,0.12662567793243973,0.31240761863659644,0.10926976245519501,0.11949749333852171,53.4,
639876,2,4,832,160,20,0.2445971755245039,0.19781513358355013,0.23251428125842333,-0.0346991476748732,0.048870524013532354,0.33725971058135795,0.24628718350818082,0.22589330512468558,45.11758877106501,93.39929723439529,2.05205472117691,0.6346370928830419,4.927421456117066,0.8010314372980305,6.281097396236103,53.8,
639876,2,5,832,160,20,0.5480778468699848,0.16477289702081171,0.14501421377141088,0.019758683249400832,0.05872371726682196,0.34257019109008835,0.39119566128997385,0.15233709180680116,63.0080592051944,96.81796817707645,0.051399447921914504,0.5954996243213958,4.167445364593735,0.7452133675666155,6.487151659359693,53.8,
639876,3,0,631,120,20,0.8416550811403783,0.21774626922983084,0.32821392590710907,-0.11046765667727823,0.10840969999267416,0.18710262356616028,0.1148307811494429,0.056301004882291034,29.45921292672664,65.40701381872287,0.5700820455621183,0.47466487573528116,8.021025858391654,0.6784745214332482,6.272385762085154,39.8,
639876,3,1,631,120,20,1.1320505631102447,0.06401346133912106,0.06128334901825851,0.0027301123208625516,0.08616328204742763,0.19588590285626786,0.12432471402285353,0.09003774596278517,28.717778277966406,64.592279305139,1.1710608423353714,0.2684620037836198,0.4093756795045806,0.10738921738312453,0.13748711030386218,40.4,
639876,2,6,832,160,20,0.41206220268144894,0.30100603469836884,0.3783137126163683,-0.07730767791799947,0.07043397710876524,0.39487948594932887,0.35006368739700244,0.2848341262180497,42.84648406664599,100.0,2.678637184958855,0.7234312959652447,7.511689541306768,0.7916659443067018,7.103885878520296,53.1,
639876,2,7,832,160,20,0.13854104679910484,0.11041583653368933,0.17907998904748373,-0.0686641525137944,0.057639088599811754,0.21791313821909694,0.26986782436250695,0.25329967718763774,38.317160343785915,93.22512736792602,2.5974462594204235,0.38829632031074107,3.29547166928849,0.6312448082590753,4.896516104944315,52.7,
639876,3,2,631,120,20,1.1061372053829739,0.24384523174957534,0.25558684761527617,-0.011741615865700827,0.09724954696120812,0.07999119995795005,0.23462705984677562,0.22633453675853896,48.831051722228075,81.8233886724289,1.3440362264120764,0.848147858153716,7.2583934975719515,0.8620275777610225,6.843154853705056,40.6,
639876,3,3,631,120,20,0.9022795940598324,0.24983953340834889,0.2668812353561679,-0.017041701947819038,0.10138338702858328,0.21439064859481594,0.02871531985152931,0.05123183098819206,27.34075673645258,67.3941721734771,0.9385005262260199,0.844083300596957,11.233067110635888,0.8261174828722166,6.165307277672083,40.8,
639876,2,8,832,160,20,0.36170813283956715,0.23299720828398565,0.330612519518256,-0.09761531123427034,0.07043397710876524,0.31761316611745616,0.20228784715655873,0.30792489932301775,40.629757444003154,82.61629222809351,2.325297952250693,0.6483273716376998,7.551435158629202,0.7568566324837087,7.163601947933247,53.5,
639876,2,9,832,160,20,0.13854104679910484,0.08029158429778113,0.10660608879632276,-0.026314504498541627,0.04754611467613775,0.31761316611745616,0.20228784715655873,0.30792489932301775,32.141083470058874,66.78766884568633,1.9486734973257749,0.4105965035029908,4.441252281837044,0.5214579210742144,4.794040982536735,53.2,
639876,3,4,631,120,20,1.0458752087496586,0.463913212957716,0.5914829078699666,-0.12756969491225062,0.08339260611379495,0.1377057581573093,0.015590690677535463,0.1877750390494885,18.567577166071086,26.044007207530942,2.054239624074764,0.5617651386162723,12.186924877019734,0.6488666717537026,7.524370843895417,40.2,
639876,3,6,631,120,20,1.0935712354922662,0.8218671021928512,0.3377790137606741,0.4840880884321771,0.08691249686283227,0.011773307261197269,0.06136798283712147,0.11731492590203145,11.63989713372942,37.70278094218756,2.133337599884633,0.7012631428645832,7.545078026739572,0.32031532893964276,5.635701549749284,40.0,
639876,3,5,631,120,20,1.002216487585689,0.15674272527594996,0.48784176091845777,-0.3310990356425078,0.08691249686283227,0.22968146272267043,0.0493469283295109,0.02216661997790287,20.87579516301372,32.620881828018554,0.5328965798786846,0.23179074573915268,3.190291133476725,0.6907740206589251,5.092840328369089,40.3,
639876,3,7,631,120,20,0.853524271003769,0.42233731824757353,0.38252729455831863,0.0398100236892549,0.09200841071139738,0.02561933809693062,0.228158060555563,0.08449485912772634,45.97614101850102,86.79803737551644,1.852661691136982,0.754991274295119,9.828852493048517,0.7078503327127835,8.255240118869981,40.2,
639876,3,8,631,120,20,0.8031504226038054,0.3571345819401622,0.3902467935440998,-0.033112211603937625,0.09319574582165163,0.16389874575486052,0.016778840692672853,0.04011191869392802,18.473433984644497,25.929419151119518,0.9938803516758984,0.3324517618892193,6.495204851661706,0.49134796006270126,6.497343617657401,40.8,
639876,3,9,631,120,20,0.9183013518838545,0.0780334910937194,0.18048421891267524,-0.10245072781895584,0.08616328204742763,0.23616209684609324,0.15043229657594923,0.031642190620618904,36.056860454625856,83.35692914553309,0.818111289435791,0.17687514499291834,0.7313400733127025,0.2797592015636759,0.4467976144606154,40.8,
639876,4,0,711,140,20,1.0413251438766913,0.1286088423764722,0.12359585739612657,0.005012984980345622,0.07043397710876524,0.3527293811990274,0.2782870981505584,0.15324590112801856,48.31499671842843,96.52935248446266,1.6511169987031395,0.2846493676659419,2.9479649116724285,0.40337110936252324,5.372459760755266,45.0,
639876,4,1,711,140,20,0.8409772706773927,0.1817790067765256,0.16605910401856905,0.01571990275795654,0.07820953361511583,0.21304980746631594,0.263897009310998,0.1326269267879605,49.87050986907374,84.90777166270905,1.9023804074944535,0.6546069244856533,5.504217828300777,0.7746022035388034,5.542233580306916,45.3,
639876,4,2,711,140,20,1.1751351269988506,0.23151395444169376,0.21190012196087074,0.019613832480823018,0.08691249686283227,0.16720160467300138,0.22915529152844222,0.1537095788158746,43.64248403208798,85.90294999716586,1.8869893789180034,0.5511219012412194,3.060947274280298,0.42580237791980635,4.808056896002123,45.0,
639876,4,3,711,140,20,0.8740392760561809,0.11028377847679473,0.23327988149627632,-0.12299610301948159,0.07043397710876524,0.13867171383541288,0.08275948383816033,0.07095485444304445,26.762883160071024,80.14535087011886,0.933334685788559,0.2521938167218298,1.1995497308246474,0.3597218344141405,0.8022269903573622,44.9,
639876,4,4,711,140,20,0.7755304451391454,0.20634019397664055,0.3718245885619859,-0.16548439458534536,0.10772446845809901,0.31909373963306015,0.05830591620330508,0.05731612209803533,29.716175659205344,60.71877584127282,1.046291240693389,0.4130167249734183,5.075819841228714,0.7481301859677914,6.05533232038508,45.5,
639876,4,5,711,140,20,0.9514245724829067,0.22225019776401286,0.5358104553693509,-0.313560257605338,0.08523346642563531,0.17927332732520979,0.21790834570044165,0.37085656813853696,54.61863767904172,95.88201097612475,2.147105603532912,0.4004776135281349,9.139208052422,0.6450523913092088,6.082213550789844,45.5,
639876,4,6,711,140,20,1.1876179040227168,0.18111372040809073,0.21537983430086208,-0.034266113892771344,0.09724954696120812,0.2641604599127626,0.08741459258428232,0.18089703660276402,34.47425337871116,59.34065678583431,1.7802308945091625,0.4566190461514606,5.6113787038061975,0.7876748374881507,6.348814760129457,45.8,
639876,4,7,711,140,20,0.7740217734217539,0.2442832907858487,0.9241466644365351,-0.6798633736506865,0.07043397710876524,0.18388494452310067,0.19546512573529423,0.1939349758727443,49.36596277790859,82.77018244902513,1.758049462131695,0.21632184355037576,8.753935944821365,0.815174037876761,7.612549265148612,46.0,
639876,4,8,711,140,20,1.1389381708033868,0.30905132614623726,0.4370433969138216,-0.12799207076758434,0.08616328204742763,0.08986658497618644,0.3279723082040442,0.0693489136217291,58.27250943359867,96.22886575287991,0.6456629302094024,0.2756304060875448,3.9756425937863633,0.7070125710686127,6.42716053629475,45.5,
639876,4,9,711,140,20,1.1628617692013656,0.19560294022960364,0.281910178707763,-0.08630723847815938,0.07043397710876524,0.21439064859481594,0.2109552661185291,0.24557857650899087,41.202637383138956,83.9074373140776,2.242470475662647,0.6034673208583106,8.409316678545515,0.7301843762146498,6.783473043394361,45.6,
639876,5,0,1025,200,20,1.0215846347533768,0.19606223107173495,0.20288829102638467,-0.006826059954649716,0.06153964361708232,0.06852179960816407,0.04160677593902362,0.0446869317957721,15.407361979788838,27.791313469340132,1.3266212898360144,0.4671584065889775,6.027692668803942,0.49656031332489287,3.3400339498742553,65.9,
639876,5,1,1025,200,20,0.887339267993577,0.21226992055348226,0.21067330227516806,0.0015966182783141991,0.06402934358058855,0.08045367774475705,0.0561254399341882,0.07510733341839479,15.643665769159231,42.36097646157076,1.5623325063157338,0.4669481724551566,3.575112024434516,0.6149435978149961,4.776131446807479,66.1,
639876,5,3,1025,200,20,0.9824696505566183,0.4509427385799674,0.5209197529459465,-0.06997701436597908,0.06650648120957715,0.017376981977812817,0.01553250517816726,0.08588027293144718,15.688036744990585,27.608334304026037,1.584337028049851,0.450075960607813,11.140789880822782,0.5081442758603193,7.261921829194601,65.8,
639876,5,2,1025,200,20,0.8602149358098026,0.26744954696734896,0.2472022240502092,0.020247322917139765,0.07043397710876524,0.07322117109069512,0.005619600465857522,0.1871645912499405,10.869009036830336,18.000849632331807,2.3881640911004585,0.7660769161939325,7.847016380630329,0.7314137572944819,6.999385849852642,66.4,
639876,5,4,1025,200,20,1.0042858806633317,0.2736580540056536,0.2537844391669443,0.019873614838709253,0.057639088599811754,0.10013008556214636,0.03745224075482609,0.0868216567677538,15.206326631978108,26.097692486998422,1.7033561418205008,0.6955331269372651,5.902710322564916,0.6579740101299988,4.3677220525199,67.0,
639876,5,5,1025,200,20,1.165819139215047,0.1989330415158096,0.14334766972938845,0.055585371786421145,0.062487986974306874,0.10112191543976039,0.01618280169149522,0.19214935059159732,13.562489054309614,22.029607006692974,1.928486299400101,0.5700079135723444,4.944569723161555,0.4637638545747306,6.436938956710052,67.0,
639876,5,6,1025,200,20,0.8201899518377869,0.270334747921724,0.2636613398481094,0.006673408073614606,0.06181624934038881,0.12933370051563597,0.009082797183628033,0.27631900256588166,12.532885294053735,20.841346119997493,2.2420406793577587,0.6007212136810904,6.555075120626569,0.7277909717157158,6.890317755979132,66.3,
639876,5,7,1025,200,20,1.4802891069898303,0.24154382001698402,0.19342824644276568,0.048115573574218334,0.06402934358058855,0.10625445557384414,0.013653204810942204,0.18980401174735037,15.176669061098055,24.79537838692923,1.8977999849935117,0.6806319624358483,6.524630175311855,0.5711117150640753,6.495049155778361,65.8,
642860,1,0,589,120,20,0.6815667624061812,0.07949586215738148,0.06134797486114803,0.018147887296233456,0.07614810457054035,0.3183471266110258,0.19833968968769863,0.3308591522496659,29.000399029315037,61.93562049355764,5.522253634048841,0.5294909159684388,2.970397997198399,0.5906555030708726,3.5584943960429376,37.3,
642860,1,1,589,120,20,0.9247042540510885,0.1108370548009185,0.1973305056306019,-0.08649345082968339,0.08691249686283227,0.3042925198130483,0.3417852113528533,0.20082897367667896,28.697372360414956,65.18721352512271,3.815207073487087,0.26895045728423755,1.0908577866775135,0.18054926975873292,0.4065381641201328,37.7,
642860,1,2,589,120,20,0.9134320693940315,0.13611529523933327,0.10703399549696947,0.0290812997423638,0.08616328204742763,0.30811230416308966,0.2893490946644326,0.12996626215631812,22.6278636653168,53.15370494074005,4.108982134698261,0.513394933401697,2.9178566060847135,0.45385645476196573,2.8561588327633265,38.2,
642860,1,3,589,120,20,0.9726499073354333,0.2603770229975746,0.3351872352075633,-0.07481021220998874,0.11891824359111865,0.3359130388099775,0.17191122422502225,0.3654505114332707,24.091123397514423,57.10861477801879,7.576670238914657,0.45601179540434705,7.982803634079346,0.7282577305449341,8.941490199261553,38.0,
642860,1,4,589,120,20,1.405563123188614,0.11431730085438911,0.09566318457763563,0.01865411627675348,0.124928277111142,0.30062604220725214,0.10997472625100464,0.3616143309509765,9.281225363094977,27.376851458297626,6.296366602993951,0.8455789049775047,8.487848132657227,0.897206305297202,9.916110377395373,37.6,
642860,1,5,589,120,20,0.6786872580931289,0.0669765456910588,0.14896029800713836,-0.08198375231607956,0.0735895906332592,0.31170704171324515,0.3127891812062991,0.1987972715257576,17.40551245476721,52.53131593155267,4.361508722037178,0.3028463418048584,0.9322805115595246,0.2682216202706101,0.35929115210768686,37.6,
639876,5,8,1025,200,20,0.9053298143203964,0.17823613243892264,0.18146268797436954,-0.003226555535446901,0.06332218047072588,0.015833533916507242,0.004863643477114099,0.05540644593427041,11.127951503887349,18.670941323879116,1.6857541042620687,0.5818716088899264,6.686030322154532,0.590566605789602,6.5901358139061434,64.9,
639876,5,9,1025,200,20,0.977236893689457,0.24438805253440285,0.3293925718060355,-0.08500451927163263,0.07043397710876524,0.11048677237682303,0.02231482369799495,0.14599574805555687,20.46430973297653,33.68216766655741,1.7888501036950757,0.5955171483505974,10.136544848834276,0.7352675666519819,6.7325665770741425,65.0,
642860,1,6,589,120,20,1.2126914283160004,0.016684840357456113,0.03953845887042232,-0.02285361851296621,0.08691249686283227,0.3421246004420617,0.284401480969111,0.3724272393161068,29.105322719535003,66.39372918054246,5.207633054495672,0.13160078380459483,0.12548501731726852,0.1628442609178794,0.06330113785039138,37.7,
642860,1,7,589,120,20,0.8244452067749286,0.11754144500543591,0.21978250891343135,-0.10224106390799544,0.1250742135392838,0.3056816833698929,0.23363048211433401,0.2376100148120998,37.293822414366936,65.76709386204196,4.584405979697813,0.5303022785336738,7.264246004013857,0.8504670184101816,9.601563335165205,37.7,
642860,1,8,589,120,20,0.8423137796591608,0.10027804754812707,0.1551554323209839,-0.05487738477285682,0.08616328204742763,0.23062886027185645,0.38522971784126964,0.24587783067318844,29.69696831619143,97.10016470147225,5.114398579866178,0.39365800588449057,4.654525719348023,0.4775741746356401,4.21852756604976,38.2,
642860,1,9,589,120,20,0.9134320693940315,0.12777559355436138,0.08938525058867466,0.03839034296568672,0.08616328204742763,0.3754710588467073,0.3295195200402874,0.3092152793277072,18.232483619860755,56.72369627421368,6.6656122212378826,0.6304240517456761,3.4571138385111944,0.4834789150082836,2.8561588327633265,38.2,
642860,2,0,768,160,20,0.6973855834389121,0.3073255902853233,0.5870017573254904,-0.2796761670401671,0.057639088599811754,0.12823820600098418,0.39917184791149934,0.024552602508940813,60.31040717923637,94.97157874754008,0.5911553051730234,0.27204091856922175,3.8180903750474906,0.326169503106616,3.6895822944506897,48.4,
642860,2,1,768,160,20,0.6371637078745701,0.41592337555743714,0.45292576304562726,-0.037002387488190125,0.06024217301723857,0.3047707801291069,0.3924755656946652,0.26681012137778953,29.637876082175975,68.37633962288255,3.754199134626527,0.3664793496942896,6.843380174228159,0.5047313243592677,7.6657242445116145,49.1,
642860,2,2,768,160,20,0.4579920229486463,0.32815864932659833,0.33367345444095553,-0.005514805114357202,0.048870524013532354,0.2081557245741394,0.28575840328892343,0.07860762489059568,43.63021769565878,83.08647236417981,1.8244964648503048,0.44689038851252844,4.756273893271676,0.6436873725043372,6.191594484031111,48.2,
642860,2,3,768,160,20,0.24230296424970726,0.07514371322254858,0.09041713252287928,-0.015273419300330701,0.04849576042259258,0.2581218101305683,0.23859413499585932,0.06578082121715406,33.04297149301812,73.8783211616222,1.7403888321315693,0.17915736297542653,0.3993503387050232,0.14819814060785552,0.23904538439907905,48.5,
642860,2,4,768,160,20,0.25493182769152073,0.10043902949321173,0.15641066007168955,-0.055971630578477816,0.04754611467613775,0.17478274281008108,0.3965944398329322,0.09889982226139013,52.81726599102723,94.87612676721753,1.4277653860544355,0.22865978182935404,2.266606080894875,0.5302334436045522,6.534191136062214,48.5,
642860,2,5,768,160,20,0.9738990133658272,0.31593837790557433,0.39124138026454747,-0.07530300235897314,0.05872371726682196,0.35137128153815855,0.09924489503398948,0.19180733057287527,29.108210333156155,61.761216552692,2.594921506725008,0.5003458577484331,4.734331624850581,0.4085280840750191,3.926458828392361,48.7,
642860,2,6,768,160,20,0.33575902907138006,0.15738865034918303,0.16916754540724863,-0.011778895058065592,0.05872371726682196,0.17024249754408557,0.36750764453125684,0.1741978103763828,42.991228715318755,86.87798243101696,2.071403364415157,0.4180812716330408,2.389446024517161,0.8420487620299626,5.609044901452877,49.4,
642860,2,7,768,160,20,0.5259000882656759,0.08144350415972494,0.10225663428377141,-0.020813130124046467,0.04849576042259258,0.29936776637799073,0.15997425072349936,0.08493380737648473,37.12508575145316,77.94366669226422,1.3859037485003534,0.3653885943437567,3.499996103961492,0.4476634448887326,3.7330645308485773,49.8,
642860,3,0,400,80,20,0.5571549094974619,0.6110731274676868,0.30408309319534654,0.3069900342723403,0.2642080627953791,0.33771637088948225,0.39029223447183525,0.36963360032834125,11.77362673202516,33.223677601220146,4.85830121065227,0.654209764073912,5.101702228032363,0.6060469532092829,8.70711813774168,25.8,
642860,3,1,400,80,20,0.17726985205548002,0.04088567708903231,0.05100927016495682,-0.01012359307592451,0.13497241262982868,0.378498310380713,0.3777455771197114,0.354625888517644,17.289979364512824,52.69928512107369,4.295495041112096,0.15327551312264107,0.16885151519595054,0.36324467096967206,0.32602696320880636,26.0,
642860,2,8,768,160,20,0.24230296424970726,0.06047064265111988,0.07862508382814037,-0.018154441177020496,0.04844011014866123,0.2247621586176223,0.2707834408450356,0.33629773356100595,21.646185224162423,90.33383718150601,4.095652087326222,0.13151640202066564,0.24111385635746152,0.09849758484529002,0.13549915990366687,48.9,
642860,2,9,768,160,20,0.36470716345278886,0.15176464650078808,0.18222874010511736,-0.03046409360432928,0.06181624934038881,0.3002545197042471,0.336521292044183,0.38059034734067954,19.420542190759445,67.30480112927219,4.297878514579847,0.6754280995273418,4.657971303438542,0.6750695147465446,3.685209981760316,49.1,
642860,3,2,400,80,20,0.20942875185846002,0.11260073550865961,0.1917866865693711,-0.07918595106071148,0.1274153113532468,0.1656126508134021,0.3995331802423159,0.39409745189698786,5.592334810846183,31.24638399781946,5.592721725976583,0.6177342954965144,5.281323346520069,0.5897824780488821,3.928344377750576,25.6,
642860,3,3,400,80,20,0.20942875185846002,0.1260045261462493,0.22053565454836108,-0.09453112840211178,0.1274153113532468,0.0356074993652363,0.39235282617661404,0.3980821671094611,8.78453913991138,32.25450000905458,5.19993593661135,0.5427352605926292,5.425788092109925,0.526111861084571,3.928344377750576,26.2,
642860,3,4,400,80,20,0.46974218675714985,0.1728363870499632,0.22681783235300568,-0.05398144530304247,0.12154233993341226,0.24174604256875906,0.368326122361423,0.39688740817182433,8.670425108667438,33.82689754810423,4.564020513117753,0.28367967863615096,1.6358747715966984,0.32962788724071634,1.362462966438401,26.3,
642860,3,5,400,80,20,0.5571549094974618,0.6525803126371427,0.37953349111594725,0.2730468215211954,0.2549373731351701,0.367323502846861,0.3925946419250263,0.39897038064118917,14.583987340209992,33.297184946769114,4.809331197890539,0.5804762232947059,5.187182255904454,0.5862057941216124,9.069115361996046,26.2,
642860,3,6,400,80,20,0.17726985205548002,0.019253841089789343,0.0354155323477759,-0.016161691257986555,0.1274153113532468,0.27755060866081455,0.3992822280411404,0.39560959953257824,15.953948250283707,33.40819122701577,4.487287795935182,0.138765636547634,0.10644777477633229,0.11769013288032706,0.04531974232628018,25.7,
642860,3,7,400,80,20,0.9850891548737867,0.8766527323150968,0.3607004041756647,0.515952328139432,0.22540922606497982,0.3518335032346581,0.39926791058971534,0.32568695735424413,33.21068333707378,62.20342675381817,5.836105110960786,0.4806121393508703,6.443812332973756,0.4490613875477341,8.887667457870215,26.2,
642860,3,8,400,80,20,0.46974218675714974,0.1627152267586956,0.20488804354382512,-0.04217281678512952,0.1290410587482402,0.11257834790490663,0.3805274426120481,0.31092311794966354,14.408968804759379,32.36306143445598,4.1028409458304,0.3642782646777134,2.0038483685157984,0.3702218979171446,1.5412166910912168,25.8,
642860,3,9,400,80,20,0.17726985205548002,0.02644131419064407,0.02939953005100775,-0.0029582158603636798,0.1351790519358558,0.14291698235488814,0.34939659655083355,0.3608672980968878,7.345294040428953,27.227251892933374,4.835111102975834,0.1480809416799595,0.09091096712996531,0.20613612912921736,0.1311782433474233,25.8,
642860,4,0,666,140,20,0.7542755001746215,0.606225127872466,0.837319571524787,-0.231094443652321,0.03553909492430536,0.17962788873370747,0.20029345813894456,0.05854356014591902,35.20873736008394,99.53202756174393,0.3536482380839191,0.2629200841890789,5.135707819781105,0.27266639616257937,4.18652721403752,41.8,
642860,4,1,666,140,20,1.010374622343689,0.6394448713313093,0.6549352266619325,-0.015490355330623151,0.026347025799956222,0.34046827949265124,0.20548477263277376,0.08439043067421094,27.520798731386154,79.25321212522843,0.6801866873702421,0.33000681481815364,7.304452756577332,0.22983449034769873,4.096472237775207,42.2,
642860,4,2,666,140,20,0.6353520031026462,0.5067326763128869,0.6503056168871292,-0.1435729405742423,0.030937529136092577,0.20631898162073442,0.2512975450441198,0.11416321643157919,52.53012481340351,98.88400983437593,0.8220633656767135,0.2582882759797428,3.9341594058025278,0.32555030100801957,4.185947743035442,42.8,
642860,4,3,666,140,20,1.0962335654731057,0.6817960967599914,0.7622191342097093,-0.0804230374497179,0.022648505715115893,0.26613011042246576,0.337224966195977,0.043266754159109466,41.33824064921354,88.01141779643137,0.7840482004120884,0.15966251522215505,4.474115022295262,0.20774797859599345,4.060144890139149,42.6,
642860,4,4,666,140,20,0.6492216111476729,0.3933664403439608,0.4616060274982728,-0.068239587154312,0.030937529136092577,0.36216718502747847,0.3477909175301648,0.29269098023828327,38.29336586968048,90.01461990426819,1.7195000504541675,0.2963985465177747,3.5871394606023728,0.3764805745853462,3.5934825906693795,41.9,
642860,4,7,666,140,20,0.6492216111476729,0.36628492714161454,0.3728048887963168,-0.006519961654702255,0.02174317529026346,0.2833123369263088,0.34415060119666374,0.06032028836998382,39.11829465255517,85.69840650840176,0.6660235191227515,0.2588882974491469,3.3047425607314045,0.3669362534103257,3.036869328809843,32.0,
642860,4,5,666,140,20,0.48954596867099026,0.2952825042359252,0.5474058034437997,-0.2521232992078745,0.02174317529026346,0.3431110324086171,0.2702346118504247,0.018552375904860724,33.12567679075672,84.4017937012527,0.33813269104132254,0.26899163593344,3.8491351886833343,0.3745178288071813,2.7130175920804644,42.5,
642860,4,6,666,140,20,1.3133613213910493,0.9177400601357699,0.7855076617661289,0.13223239836964107,0.038848936868912706,0.2341192301037935,0.28410684832572153,0.3106289458833409,22.203756404552866,67.30167811414566,2.347693296156257,0.29566367902522706,5.894070871621337,0.22193274345847339,5.2019588442694635,42.8,
642860,4,8,666,140,20,1.0962335654731057,0.7054541527775857,0.6592581738982485,0.04619597887933724,0.02174317529026346,0.34520857688994966,0.3858697609741212,0.1261242555252166,37.7500195993194,84.50083833218882,0.6514674764187894,0.2688550076488959,4.7750879272922315,0.2212141497368992,4.217424790721037,41.7,
642860,4,9,666,140,20,0.5953800520119928,0.4196371618543419,0.670288525713443,-0.2506513638591011,0.02174317529026346,0.2808312747098982,0.2107481162790883,0.057431451596259314,26.508486809280548,81.96171639417012,0.9349046589143589,0.22757485702356375,3.5963148915932543,0.35028730984288126,3.7784503854668277,41.9,
642860,5,0,584,120,20,0.811295925798025,0.7436133491963215,0.7288093988687131,0.014803950327608395,0.057639088599811754,0.3711511829227201,0.3640969250065959,0.3898054495779023,20.478384921932452,81.58525889890161,2.3957050434260863,0.26119973225387627,4.589716659373168,0.2679510371368022,5.060569968891208,38.0,
642860,5,1,584,120,20,0.7062314735822846,0.4798392728383803,0.5166482072199361,-0.0368089343815558,0.04754611467613775,0.2778257687274429,0.28811530835474963,0.3171326659259226,12.487806312675799,50.98912562919903,1.8491267463082077,0.1822684488038151,2.1518209527568604,0.25354346887060075,2.9576853745003957,38.0,
642860,5,2,584,120,20,0.6764822142707193,0.42838970177593205,0.5169326368253846,-0.08854293504945254,0.048870524013532354,0.3694858328220313,0.35620727933706575,0.16011878394997114,24.405284573732928,81.73984145013726,1.1738941475530196,0.3611562010394455,5.4429577361748445,0.39961081229469414,3.9641047148958424,37.1,
642860,5,3,584,120,20,0.7984158522406107,0.5083300195007172,0.6030295155684707,-0.09469949606775352,0.05872371726682196,0.38846964819255003,0.2721997599755367,0.33908139485521704,15.758258117648282,56.93084405752157,2.1304856207079186,0.3973543763934773,5.411745663904196,0.35586978392173935,4.189255835817282,37.2,
642860,5,4,584,120,20,0.9415224910221263,0.32246138294854565,0.6033102938091152,-0.2808489108605695,0.06650648120957715,0.3586479228040602,0.396027506056148,0.2415745976094943,25.71350463020962,81.29592285013568,1.2718256397538577,0.2636354094473428,6.1089694357208275,0.41919766268638753,3.9351872202741767,37.5,
642860,5,5,584,120,20,0.6861138309554488,0.5922406537937737,0.6970643025263725,-0.10482364873259886,0.06512641749256905,0.396577476104495,0.3859330110789145,0.0036637713180406872,23.373576444851388,90.39664952473284,0.46746186339730184,0.12366776768656365,1.8477193636220381,0.25358423335469626,3.225305345672672,37.6,
647286,1,0,468,100,20,0.8980703581917546,0.36149695345158767,0.3022844845868068,0.059212468864780876,0.08705331207120809,0.11596623130381778,0.22647057269573,0.3883654530759532,7.571822475017491,31.584532506780967,3.5290194745494188,0.6904258196787176,4.925134883811263,0.6718541820919199,5.4310605936619165,13.1,
647286,1,2,468,100,20,0.908154402096896,0.2363464402995962,0.30199502606810447,-0.06564858576850827,0.048870524013532354,0.06625995911233498,0.1274063592775239,0.3466137042622455,4.638891605794923,16.823270210321567,2.5400053011809622,0.266081268260782,2.526547380663317,0.311501452833488,2.868493088520235,8.8,
647286,1,3,468,100,20,0.908154402096896,0.31293519427571626,0.3856624558266375,-0.07272726155092124,0.07043397710876524,0.33916833252996137,0.2958833994376802,0.16844911150165745,15.663477328258889,56.86516236217534,1.7425213579295395,0.16891728129666608,2.9322537417319547,0.26480797962416297,3.1066586293278524,11.5,
642860,5,6,584,120,20,0.9576384903077897,0.32939800462892777,0.47770535150912397,-0.1483073468801962,0.04844011014866123,0.37314298568241566,0.2786157255487721,0.22079028679517307,24.523513510115876,72.26491708463848,1.428423989760396,0.17696227417978094,1.9200669219296218,0.34708230463750295,2.7576201306198596,37.1,
642860,5,7,584,120,20,0.8804050796593518,0.569947266982098,0.5943508048212631,-0.024403537839165157,0.06650648120957715,0.3885933541748112,0.34654023541493917,0.39734816445226195,16.190660386133853,65.93215193461637,2.9176481365301914,0.3261047709415587,4.434099526228513,0.33386876917964176,4.681418011944766,37.6,
647286,1,1,468,100,20,0.896018276625365,0.39664145436422116,0.4212661511548499,-0.02462469679062873,0.12923861730342343,0.29838152511973903,0.3211572641674668,0.28940509532993736,18.628400051297774,74.54759177490587,2.611480655115172,0.4430981526677321,5.641301011914187,0.3948097858793871,4.661061639791017,30.0,
642860,5,8,584,120,20,0.5887473997560941,0.2910701808713687,0.4052966495995473,-0.1142264687281786,0.05872371726682196,0.37636531747084173,0.32338265746410283,0.22586361145836262,22.60770773936172,72.79089044909257,1.3374445955514735,0.24054349048537058,4.098060653458848,0.4301251548256682,4.322228272551864,37.8,
642860,5,9,584,120,20,0.6671327039083127,0.420406286321108,0.35360183517814053,0.06680445114296746,0.04844011014866123,0.3816759264177937,0.19437422603405863,0.19827397298117028,13.128086500353357,64.31875272159009,1.6019626495422714,0.3128783887674142,2.7296227469187127,0.41057888803627623,4.055323862093939,37.9,
647286,1,4,468,100,20,1.0475201688832236,0.4772578669418131,0.436710205409647,0.0405476615321661,0.10560591277378195,0.37552517951212594,0.22544130061310294,0.23328510175942085,7.9391489500835775,48.362402117464825,2.2380397557716867,0.2559755161222283,4.933928489904017,0.23766701559548079,3.187077839598662,30.0,
647286,1,7,468,100,20,1.082016991050527,0.41012355110510823,0.4825043428578503,-0.07238079175274209,0.07543105395664816,0.3134282518243839,0.3455248350269706,0.35673292171154486,12.179151129419663,66.340953771366,3.5074143237997344,0.4593560849044682,5.486150903007138,0.5249471772882442,5.402497434578165,14.3,
647286,1,5,468,100,20,1.0265134144967303,0.5707174949240821,0.5439819491136708,0.026735545810411265,0.09724954696120812,0.2785176646974854,0.19730598999874846,0.3458609070812221,9.404722502007791,53.53083315432982,3.010590030303486,0.39204922268236025,4.836029456431856,0.3961115379791224,5.326087831505739,30.0,
647286,1,6,468,100,20,0.9808368676077228,0.26217944490635714,0.2737773343543289,-0.011597889447971743,0.1048248476667984,0.27767114936689385,0.35085830546728913,0.37430467379967264,22.905223256467377,81.35464417949066,2.985699657856381,0.6082774881428875,5.764699141920384,0.6112720414107523,5.913139582117669,30.0,
647286,2,4,393,80,20,1.011036002183721,0.30301357139429225,0.6161838659190073,-0.31317029452471506,0.04844011014866123,0.230737126808643,0.2572561350159308,0.2864655218411826,12.708332311657408,48.266774150319414,1.8346111843416089,0.1697664750173068,2.301989555928624,0.403243734967127,3.1344366255222442,14.4,
647286,2,0,393,80,20,1.0464348390445106,0.4522332451537851,0.5098636001969868,-0.05763035504320174,0.06512641749256905,0.3639480076222611,0.2472410690671832,0.2300523519453857,19.60949231501843,82.2333134928252,2.016116881761486,0.36316689945185643,4.560414081313982,0.433985237989204,4.471590292750117,25.6,
647286,2,1,393,80,20,0.9997768998049461,0.46762284546710264,0.7392965787941195,-0.27167373332701683,0.04844011014866123,0.1612173413315469,0.3669446451217524,0.3870046078493612,11.812975929199736,40.58007210386478,2.465323633929572,0.23296601821524515,5.44348245927055,0.411344271040638,4.814516321799901,25.6,
647286,1,8,468,100,20,0.9048596429818848,0.3772652471806614,0.5930255612383095,-0.21576031405764812,0.053362065807638165,0.3734754762192176,0.28810525101854084,0.3750397760520813,10.387802843283248,36.477695987926225,2.637286983009952,0.22880008892272113,5.955875453824981,0.32237439279478086,3.8853227686654086,29.8,
647286,1,9,468,100,20,1.310707707498994,0.6739558161272912,0.50930085726186,0.16465495886543113,0.07820953361511583,0.21439064859481594,0.14906787923135947,0.3349607596416487,19.962490323160225,57.72669127062056,2.950577829532515,0.4101656478850029,4.789171542315063,0.44483283474389645,8.129469069869586,29.5,
647286,2,2,393,80,20,1.0001840989429898,0.5205107612214425,0.5473816782564807,-0.02687091703503819,0.057639088599811754,0.25698175735415807,0.31427473352457885,0.12976212675925763,17.506698774830376,55.475794952778244,1.9090756968095792,0.30096646823178524,3.483434508698848,0.32557826386899136,3.7892635906294014,25.7,
647286,2,6,393,80,20,1.227296742974544,0.5871334656457149,0.6132011293654471,-0.026067663719732237,0.06650648120957715,0.38418284307372685,0.3408971317112641,0.2538236583618481,10.911151133818871,40.594446399064,2.259393019174272,0.2533043014826055,3.56851222878433,0.27248926309264626,3.6305259309602538,10.6,
647286,2,3,393,80,20,1.0026713852702929,0.5043300711161883,0.4754949264554956,0.028835144660692702,0.06181624934038881,0.37246441177753054,0.20431396916428368,0.3659559732483101,9.179611811633986,26.119233971780098,2.3912615048065837,0.4133621578783957,4.742437368875071,0.38209150146860876,4.215115669453134,25.7,
647286,2,5,393,80,20,1.0805827121810652,0.5417292409816307,1.1764552736605114,-0.6347260326788807,0.04844011014866123,0.3449155702596205,0.37766944835190397,0.29739610501184993,35.01332884867442,84.43795738213169,1.7149853541164661,0.20241890410251442,7.141524140215008,0.36968424785155135,4.858737310012372,23.9,
647286,2,9,393,80,20,1.0026713852702929,0.6695767288145665,0.8237464011866049,-0.15416967237203838,0.07043397710876524,0.19701472040157708,0.34229340237543804,0.37037534147582674,14.050577315356607,48.00986133846477,2.967810019613538,0.31897151187626793,5.93758270845058,0.34492004176946556,6.175548758030563,20.2,
647286,2,7,393,80,20,1.0237005236800545,0.5244789821795608,0.7761601094856294,-0.2516811273060686,0.05872371726682196,0.3138435288672371,0.30279640688095477,0.2872998822617454,11.13629852808925,42.81726831923229,2.422455700277658,0.30916085362414036,5.274419074322016,0.38227428004352626,5.08383072560826,26.3,
647286,2,8,393,80,20,1.047920584602846,0.4945230990547076,0.6104058093601142,-0.11588271030540664,0.06650648120957715,0.24015788392591203,0.3199790679729807,0.37683123894236137,13.991904134481452,54.066479334581956,2.2307242619124623,0.21590531805095162,2.9082492229798698,0.3740180046023636,3.8767545646834156,26.2,
647286,3,0,491,100,20,1.123475054024223,0.5011710390013772,0.5873840325698334,-0.08621299356845624,0.08616328204742763,0.25729479048596016,0.09204259421453082,0.3672486270361024,17.8176151790712,44.6910746660518,2.7094467368413717,0.1876197305048813,4.319728799900271,0.382814890000791,4.70766392336707,31.9,
647286,3,1,491,100,20,0.8697007052196329,0.34251164458526817,0.4796297892224151,-0.13711814463714694,0.09724954696120812,0.3403284175680512,0.20228784715655873,0.26034435769172265,21.241130742256807,69.12357752460278,2.321223538215591,0.4146626442041818,4.941642900443031,0.638522805239673,8.282684229140855,31.5,
647286,3,3,491,100,20,0.6990145085810849,0.44180215183267263,0.5793651516316934,-0.1375629997990208,0.08691249686283227,0.3903683628508836,0.04686033668968609,0.20155520240389133,11.515165408520492,26.44500344816558,1.470577919237133,0.2999879613008989,5.527339187559895,0.38491907669419806,5.561246405407036,31.0,
647286,3,2,491,100,20,0.7902787957664335,0.24687407111231166,0.3832952650548302,-0.13642119394251853,0.08997395242158016,0.16428655232555955,0.17956343664983382,0.32635120343675766,25.72740980220716,73.96722376868448,2.4629780226789966,0.5004195694204193,6.8518145300771955,0.6240195300933897,6.131721724796199,31.6,
647286,3,4,491,100,20,0.8370650249803983,0.48667316787024445,0.5810449882509401,-0.09437182038069564,0.09231779950957245,0.3122119285670365,0.07887280608913814,0.09174030826554327,17.61350960506657,62.77583438526505,1.170552861047655,0.32860512661985347,5.519255289393197,0.5092805023225592,8.293526110553573,31.5,
647286,4,1,502,100,20,0.9859337199518934,0.480551656126421,0.47354267712857245,0.007008978997848525,0.04844011014866123,0.04980541331537766,0.25862549336522744,0.21800885038444104,5.881562340557731,26.900533695422016,2.0773878534869663,0.3570392423591689,4.560228531472729,0.28270036495822476,3.067191282711753,11.1,
647286,3,5,491,100,20,1.0872288209383596,0.37282665975691215,0.43450410459606437,-0.06167744483915222,0.07614810457054035,0.25698175735415807,0.36527717448204033,0.073359561878519,35.40433338415407,97.48812361863791,0.9875951063434617,0.2608824761874528,4.461986350563052,0.4324455394538333,4.162608803409684,31.7,
647286,3,6,491,100,20,0.8584358609938678,0.46278667316232586,0.9657685132832993,-0.5029818401209734,0.09724954696120812,0.23526429622798495,0.273458609763441,0.20689228349365713,25.57586933479981,73.88457131027214,1.867850087373826,0.23555332792875827,5.72943107386929,0.5440128276733505,8.17748692613724,32.0,
647286,4,0,502,100,20,0.9905229240896756,0.5894978371515139,0.7991552388791168,-0.20965740172760283,0.04754611467613775,0.16951879524808247,0.25032027899701503,0.1899123600849681,13.313694520261684,43.218832209427106,1.6995592977045217,0.3145652433977106,6.974802199598372,0.3925834569164957,5.14084225457246,17.4,
647286,4,2,502,100,20,0.997146796320255,0.46464036466894704,0.711019769187978,-0.246379404519031,0.04844011014866123,0.12464974943333143,0.08144438144547818,0.12494152867474842,5.132335142701216,19.029320083975676,1.3333179811444817,0.20863940318963559,4.049364735300165,0.270419066938011,3.0454214298679947,11.2,
647286,3,7,491,100,20,0.8078670318254388,0.36347620608321,0.8291028774520808,-0.46562667136887076,0.08691249686283227,0.26855726195377183,0.14393429155671011,0.32378494332777064,16.370294098434332,49.92160498129813,2.6181780644674437,0.15651474810378832,4.296817933646738,0.4284860358055281,4.779727110106485,32.7,
647286,4,5,502,100,20,1.0463254946156073,0.7010118845575769,0.709688333135289,-0.008676448577712104,0.05872371726682196,0.0787096171358375,0.17540496883497989,0.16639710215388145,4.387226919721689,20.318354889280478,1.8769390675466693,0.3007940670457851,5.843513686496757,0.3454110395430536,6.021895935669432,8.5,
647286,3,8,491,100,20,0.8584358609938678,0.35777895988289743,0.36759947751087935,-0.009820517627981917,0.08616328204742763,0.30531529786876055,0.09056703037222139,0.24150964278581669,13.499380179569988,47.644201972864245,2.486343954451519,0.40789385982480886,6.198652045217658,0.5010820785527136,5.653166105379025,31.8,
647286,4,3,502,100,20,0.9980356255968066,0.5028145298905876,0.5183842648336126,-0.015569734943024938,0.04754611467613775,0.08046327831565987,0.19724102230893084,0.2193290305163842,8.297336443097027,33.386715629134976,1.8212383943871555,0.33761741633037307,4.5711046391064265,0.2983220816801357,3.813803485942814,14.7,
647286,4,6,502,100,20,1.062224731445279,0.40973710950656345,0.4072437241603407,0.0024933853462227318,0.04849576042259258,0.036446772980902875,0.15913091384015976,0.2554206466722751,4.190158213145131,20.02929600274182,1.9760710321317807,0.5956825982683946,5.963803329632567,0.49104988724713056,5.22265290066192,11.5,
647286,4,7,502,100,20,0.9894171491612528,0.48328512143018754,0.5404329951692826,-0.05714787373909502,0.05872371726682196,0.2437911289509313,0.37668068363266827,0.22926294068674202,10.820523564055659,40.06470898224752,1.8976875802531434,0.2594774362045806,3.8005346035981944,0.32807328500872335,3.4555750253220174,11.3,
647286,3,9,491,100,20,0.8584358609938678,0.37912224384468546,0.6300818495482994,-0.2509596057036139,0.10138338702858328,0.34891763342538784,0.36117444079370836,0.13067534992038504,46.7435925040749,98.22231485761372,1.8050574206716061,0.44106652314437905,10.724884755574676,0.7366335221775652,8.034588667854424,31.8,
647286,4,4,502,100,20,0.9880735213616557,0.39129435080982106,0.43963205261626215,-0.04833770180644109,0.048870524013532354,0.20013423536385655,0.1638991830875997,0.09686011422949864,4.431241757020588,20.14943320354667,1.5384300167253682,0.5519783585050356,6.171545298664688,0.5837563855103568,5.474017337795644,17.7,
647286,4,9,502,100,20,1.011864693813208,0.27293466264466937,0.343271618560631,-0.07033695591596162,0.04271604154821699,0.09579141468338542,0.2738512293161786,0.1915194041080057,10.153751109885963,49.766179916036,1.4715981665540574,0.239710252301853,3.700995745775163,0.29152543607504555,2.6735219675273574,12.7,
647286,4,8,502,100,20,1.0066750205420676,0.37386463103049566,0.6333320952173277,-0.25946746418683203,0.04271604154821699,0.18535804853043908,0.297855138207526,0.07392122031391096,13.192785836987454,52.674666052371116,1.0794084463068065,0.2132099576211475,5.515058974625833,0.2904385010337262,3.3514235223501148,25.2,
647286,5,0,568,120,20,0.977294659915589,0.7781990273489572,0.9792441749065304,-0.2010451475575732,0.057639088599811754,0.28750834475104636,0.19765031764057964,0.1580679865023757,34.87246724593694,86.78728553319284,0.714914825249101,0.2154677876497457,4.3147017803606555,0.27132596167155715,5.081866068390047,36.2,
647286,5,1,568,120,20,1.040737956459919,0.3384304926047356,0.46807290169509097,-0.12964240909035535,0.04844011014866123,0.36655531310968126,0.15567218645348835,0.37830424657493655,9.430713920866271,50.35522618830905,1.2502385226672776,0.3013751279424717,5.208428970353236,0.38989103977393386,4.169556639298988,36.3,
647286,5,2,568,120,20,1.0598002652741447,0.3487569426910389,0.38475074674462434,-0.03599380405358543,0.04844011014866123,0.2541790062593357,0.22849685570832126,0.17288048779898313,19.24471492173013,61.44508516198618,0.8010357018102583,0.377849894119879,3.389374911221285,0.518625809001385,3.7826766797204785,36.0,
647286,5,3,568,120,20,0.9724552412365561,0.27065722625457805,0.5461843807886676,-0.27552715453408955,0.04271604154821699,0.23164039229585057,0.19403534510581716,0.3662504096252996,19.341584729674278,53.29841265133854,1.393432564897101,0.1337306741788026,1.7032745879650248,0.48891617974485063,3.467777128571791,36.1,
647286,5,4,568,120,20,1.2121443829735408,0.37827732624403404,0.40412167102394003,-0.025844344779905992,0.05872371726682196,0.3773880219825668,0.08904695201807629,0.1728555879457465,13.724627955754306,31.55627459870793,1.0411011236493148,0.45841589664323273,5.306123471811913,0.46393439985410545,4.282999774649653,36.0,
647286,5,5,568,120,20,1.073789346044091,0.5489252824498685,0.6632513945484239,-0.11432611209855537,0.057639088599811754,0.358053026340192,0.21291851752242702,0.3758135709430149,15.081041634755485,61.83978223192723,1.4571894250590913,0.24652931230760533,3.689206857139485,0.3489224274819667,4.221179089771952,36.4,
647286,5,6,568,120,20,1.2121443829735408,0.7984135797766174,0.8885889822775432,-0.09017540250092582,0.06745113414988504,0.3486615752543894,0.011692697898857768,0.05393512322330901,13.152632488256788,20.69207295354903,0.9652374050864049,0.19224377676395232,5.9261250667816485,0.285919385994806,5.328968555481162,36.8,
647286,5,7,568,120,20,1.2351655412364126,0.3609043721133331,0.5918287080960961,-0.23092433598276302,0.04844011014866123,0.2584051384213442,0.30627893052787697,0.3016584464016581,35.166995600901856,80.4502003118563,0.7472718767559965,0.17673243525421642,2.9477054396139337,0.4150225482039284,4.343681917282036,36.6,
647286,5,8,568,120,20,0.9843453552669502,0.46429250784170095,0.5109350420062233,-0.04664253416452235,0.05872371726682196,0.25621143240818584,0.3433779573579704,0.2087880471956453,31.22439963371006,79.79909546272614,0.8838890334282189,0.26739482262665387,3.023279198508871,0.42994594033361483,4.825980647634054,36.1,
647286,5,9,568,120,20,1.0531907739727857,0.5884946277939321,0.6629346551264655,-0.07444002733253341,0.06866705050922059,0.3423530821090543,0.06544210919479035,0.10887366788107908,15.504513141313753,53.174494739882995,1.1399266305326716,0.33315830986057376,5.386641803617011,0.34969484203746276,5.015896844439801,36.3,
647695,1,0,736,140,20,1.222012894912032,0.10982941019455766,0.16664928477973356,-0.0568198745851759,0.07043397710876524,0.22163181672278484,0.21041551621378052,0.27390997129962114,19.88089006862767,78.92608893260389,2.435731667327515,0.30782038034891723,2.9003614694671414,0.3318541925260355,1.563811568813497,47.4,
647695,1,2,736,140,20,1.057790657259655,0.11750517081524044,0.1812797262689824,-0.06377455545374196,0.07043397710876524,0.011931297847178862,0.14883725900060463,0.23243712429848098,7.698604928221767,33.77406747016195,2.628090352513248,0.2598727560627499,2.1904451933103073,0.41037318717884547,2.6246153567593713,47.1,
647695,1,1,736,140,20,0.963931941482284,0.17508468957370726,0.13779515083203972,0.037289538741667544,0.06402934358058855,0.16589190067243706,0.09675912465304673,0.3725550249030669,7.671069851552312,19.02471377704084,3.2295735101417695,0.30483903117636985,4.52102633624814,0.5662094586128562,4.970180144306295,48.0,
647695,1,3,736,140,20,1.0017808605927683,0.3652947227419754,0.33033313264281094,0.03496159009916444,0.062487986974306874,0.33535818052210387,0.19803546495946622,0.3932964973071318,18.50873938300097,59.80872070129928,3.016899715231108,0.3804576801015752,3.8468197838665628,0.4728695310950452,4.522598312724332,47.8,
647695,1,4,736,140,20,0.9786084611444068,0.29686863640738315,0.42721264226787,-0.13034400586048683,0.07043397710876524,0.050962055867954575,0.17055418894317825,0.26263392837551564,9.337237422713883,58.00768734196785,2.963042443127312,0.537781000518596,7.466606298828063,0.5477076043804714,5.245903274698793,48.2,
647695,1,5,736,140,20,1.057790657259655,0.23721514002571525,0.3692271248401208,-0.13201198481440557,0.06745113414988504,0.05211183980485237,0.24983043317970072,0.3241737171136112,9.966113072906177,46.009350151513566,3.2834471795670526,0.46097161648547236,4.354615922231227,0.5033777064481608,5.36771136702691,48.1,
647695,1,6,736,140,20,0.9595156015904552,0.17538017801347186,0.23444847499517527,-0.059068296981703405,0.07043397710876524,0.03926527630654941,0.2720271185573464,0.23544502836857503,18.003337421023605,58.54984040087454,2.3393528683074125,0.5281263926602486,3.8464161236745213,0.7007025970246678,4.271257988119714,47.8,
647695,1,7,736,140,20,0.9586401969483122,0.4418648188019293,0.5808655852900693,-0.13900076648813997,0.06224029606968145,0.08362038503166434,0.23034835596489991,0.24796661814705187,12.153542293364387,60.183226417127045,3.0716279748483815,0.48650118206127446,7.672054082097163,0.571723440102878,5.616388661644697,47.8,
647695,1,8,736,140,20,0.9882244773100192,0.4616085986166174,0.5234240513498974,-0.06181545273328004,0.0907662464694501,0.007921548595473449,0.32051915740851156,0.38169013826008064,19.87417627548819,82.00800927827926,4.180217531887731,0.5781391495331637,7.717880679529006,0.4684707292994256,7.133556843825206,47.0,
647695,1,9,736,140,20,1.057790657259655,0.23000652735563604,0.5488289335971871,-0.31882240624155106,0.07043397710876524,0.17888707606163973,0.009167940766827365,0.2954721087192069,6.868428720003084,16.672939168159566,3.3494904677253063,0.4530198698994256,9.146856346606056,0.5981208105780723,6.338375443461345,47.1,
647695,2,0,735,140,20,1.1199866469504374,0.3234003779647676,0.4474055565880545,-0.12400517862328686,0.04754611467613775,0.18777987528817433,0.10676782530301147,0.3874674690412899,14.1474722416045,34.96541947745894,1.680417814637517,0.2548811556464367,2.4654817068731187,0.23493890720833405,2.7579337974060847,47.6,
647695,2,1,735,140,20,0.7058654343469639,0.22773355576157903,0.5380586855170586,-0.31032512975547955,0.05872371726682196,0.3668020415278007,0.2667390924038985,0.007680627418127389,40.711731879290554,78.73827281724118,-0.20091717412752477,0.33080761788039975,4.817133385555868,0.5185428996681718,5.593026348428415,47.4,
647695,2,2,735,140,20,1.0915250524848694,0.2799564159826005,0.2972673629221591,-0.01731094693955859,0.04849576042259258,0.29224764687399923,0.10008029212967381,0.32845575435613794,7.7233809307481645,36.40873022863623,2.3372462972477805,0.36981370525132257,5.528887032915401,0.46795488097451415,5.400451480262956,43.6,
647695,2,3,735,140,20,0.7484820597854438,0.28216984437324777,0.32389570151519004,-0.04172585714194227,0.04844011014866123,0.3481113075071708,0.11770142371744582,0.37464962267315693,11.892730952501774,43.65929453211854,2.209803572363657,0.3661877118053988,6.9579731284892565,0.51153458014177,4.385375384593541,48.3,
647695,2,7,735,140,20,0.6537961320507794,0.20450330110710804,0.5671188668862458,-0.3626155657791378,0.04754611467613775,0.04068751487948108,0.13516574063610753,0.3734134273377784,9.600389559466604,31.222273214710683,2.922160218872875,0.2613150382630538,6.581664681961932,0.543191071077797,3.4025911689854826,20.5,
647695,2,4,735,140,20,0.6120771276439395,0.13304212848718697,0.2724775257560429,-0.13943539726885593,0.057639088599811754,0.119181175657106,0.10045706935287431,0.3974604470466808,6.8533941531444516,32.037721154930665,2.9932579727286255,0.534880406594669,7.371846578174377,0.606848656340916,5.042240699711329,47.4,
647695,2,5,735,140,20,0.9863879456012872,0.4117207287752966,0.47185378645204545,-0.06013305767674887,0.06181624934038881,0.16110461690952177,0.22384918210699328,0.3449564980025446,27.58267524580967,75.03943696996521,1.7517408012525748,0.3642733797825745,5.579052884118554,0.38253373503064625,4.026468657091337,47.6,
647695,3,0,491,100,20,0.9346857749331429,0.33134042347121273,0.4116982136860722,-0.08035779021485945,0.06181624934038881,0.23581677678748925,0.04452137277694712,0.3359921335533239,13.50053273481013,22.97689446257703,1.9904266093070953,0.38591175298314695,5.2730921151328545,0.4462274519442234,4.8770060046122445,32.0,
647695,2,6,735,140,20,0.6695985295419979,0.1616738551617527,0.1771399041567905,-0.015466048995037812,0.057639088599811754,0.37850314729947104,0.20767163453336707,0.3990086500160236,20.587783121240758,55.553916564806464,1.9763223570135462,0.5391114875371722,4.1506239665028435,0.6857623104500357,5.089275107364509,47.4,
647695,2,8,735,140,20,1.0504858992337354,0.33637733460444375,0.33494437178747377,0.0014329628169699737,0.06181624934038881,0.23804891255914948,0.08344265832066776,0.30978590087109864,7.3882680594509855,37.00863345504685,2.6946416058884544,0.46934798548444934,8.061478756376449,0.4597532924770184,4.8053669292525365,47.5,
647695,3,1,491,100,20,0.9180589416166225,0.3181137314242918,0.9406492717403658,-0.622535540316074,0.057639088599811754,0.29168356087159575,0.04685001429405328,0.17328363063560148,22.744082416242296,43.99100668718528,1.2768033168887052,0.297267914271814,8.631630296662086,0.49386677730144934,4.78650820175639,31.8,
647695,2,9,735,140,20,0.8736621650691805,0.15590081908713513,0.1805557977603569,-0.024654978673221778,0.04844011014866123,0.23185386432340366,0.11447718239331241,0.2753190042110053,10.680356025533545,48.34048684242233,1.7316260691040388,0.40580263701577385,3.7309092863659705,0.4148582414045115,3.2418091284899737,48.0,
647695,3,2,491,100,20,1.265120889006968,0.5789371424706721,0.9448957424486087,-0.36595859997793667,0.06181624934038881,0.3924408384667146,0.18846591346320993,0.10864641010710994,42.84593119430242,85.42279111788247,1.5829008648628131,0.20102906843255405,5.195523251683,0.2859368426934288,4.413358410835129,31.3,
647695,3,3,491,100,20,0.9346857749331429,0.34008153252115103,0.7805485083920535,-0.44046697587090244,0.05872371726682196,0.1689838108804944,0.32779602937254493,0.18829232629014647,19.26502528927787,68.03222150645175,2.1629624537980097,0.25383227109434897,4.524795754091083,0.42928423874194066,4.040742497475993,31.4,
647695,3,4,491,100,20,0.8138092396425737,0.4270216527506534,0.3853749858110711,0.0416466669395823,0.07043397710876524,0.3953024104564644,0.17404392184081413,0.09000991392688873,27.6863524614444,77.97097392521833,1.2145797704656975,0.3692904305904087,3.8222114652441954,0.5315905528142372,7.106486912057223,31.5,
647695,3,5,491,100,20,0.8274305124095893,0.2721158413986998,0.3289037208803023,-0.056787879481602466,0.05872371726682196,0.3268322241596102,0.04160654125457264,0.36731439494512064,16.938322010438352,45.29007570722723,1.9307658824935723,0.3219561403262739,4.6477404464816345,0.4017468106901551,4.1912966689603115,31.9,
647695,3,6,491,100,20,0.9346857749331429,0.34375687017531,0.6527699081486148,-0.3090130379733048,0.07043397710876524,0.31346927179923034,0.28211696880447656,0.04029624052006889,52.22094496726139,88.31539162091143,0.6720738092681224,0.2495015434799722,3.8759187763002845,0.6263568717636044,6.686759002292701,31.6,
647695,3,7,491,100,20,0.6905322669689481,0.2845984750213321,0.31500633767639985,-0.03040786265506773,0.057639088599811754,0.32024047295308644,0.17643736228251572,0.3341180779248283,14.359192019651896,51.990129430757854,2.3241513032208694,0.5601411715871948,4.507503491233232,0.6272384558681461,4.244430445714036,31.5,
647695,3,8,491,100,20,0.8559286898803973,0.6066872430915138,0.9880171970468655,-0.38132995395535174,0.08691249686283227,0.15149371109324933,0.15926152915856606,0.26217543858482717,11.484120985768286,62.987096461781064,2.961676870961405,0.31714258601821355,6.712982963606222,0.42099987768957947,6.783888328453462,32.1,
647695,3,9,491,100,20,1.7024390688480622,0.7451185228369888,0.882845560900124,-0.13772703806313524,0.05640832073336167,0.24318540955083578,0.2510138940566451,0.09058502273074764,18.494993359568802,87.34055308491929,1.8918367738769588,0.2607970466735756,5.360972523573926,0.2817511803523287,4.646200891450434,31.6,
647695,4,0,750,160,20,0.6165101809532638,0.3498214055889962,0.43028473822128177,-0.08046333263228556,0.030937529136092577,0.25393267496414795,0.1695817400519017,0.1499271041546094,14.085013839168312,44.9573988324215,1.673859455927652,0.3909974325452995,7.043523061167174,0.40383480383712755,4.162622756344256,48.3,
647695,4,1,750,160,20,0.6039250330497715,0.33905417374493607,0.35819979928095796,-0.019145625536021893,0.04754611467613775,0.3147728387008266,0.14340683685494166,0.19698605651899548,8.914964169075846,42.05468946531532,1.3644608871098751,0.3156239757719285,5.656328059715934,0.5115088444803024,6.355028570002007,48.9,
647695,4,2,750,160,20,0.500396503392896,0.25107601025017806,0.3666474709351135,-0.11557146068493546,0.03553909492430536,0.38910106221188095,0.21905711609488143,0.21764862615090683,11.470544443226437,46.45892253706786,1.3847492782806088,0.28070929974558634,2.8342338233041713,0.5206781062521276,4.9357318067041644,48.3,
647695,4,3,750,160,20,0.629320054071836,0.43676259555316027,0.5477153292834,-0.11095273373023978,0.04271604154821699,0.34475327560809677,0.22811467521798698,0.3139159499140982,11.669138252911337,46.8007663696571,2.433298664704181,0.3297762689635117,3.9964510141177403,0.4328306062068439,6.154328527772913,49.2,
647695,4,4,750,160,20,0.9552597717010556,0.5506208183325793,0.5982258926030015,-0.047605074270422265,0.06072437340845913,0.31633702041242195,0.33274986622105385,0.17064244848733712,31.97040924397539,92.31807281487761,1.6582829231730345,0.2726652067352385,4.619468673290396,0.4225044010759936,5.891140733727569,48.4,
647695,4,5,750,160,20,0.6039250330497716,0.30501643620294205,0.3307423751656714,-0.025725938962729344,0.04271604154821699,0.36205130173025374,0.12702829766115054,0.33732891791247593,12.692253938153343,33.534710466529326,2.085037055306081,0.5264196216784762,7.86428697296517,0.45619768594416416,4.239341552659763,48.6,
647695,4,7,750,160,20,1.2909301299822933,0.5523262219902904,0.7068291948919656,-0.15450297290167525,0.04844011014866123,0.3176551288473415,0.29048256555174284,0.1492341195273868,33.16123281098506,82.02105013090377,1.5359762607399727,0.19857170307266167,5.148844820228685,0.36979571510954024,5.550794023657775,48.6,
647695,4,6,750,160,20,0.5915622205828873,0.46350473034745665,0.425400896794849,0.03810383355260766,0.04844011014866123,0.3194484054565618,0.10933344128899712,0.2824186715634185,6.992268002715224,22.94046193737524,2.1023657548315935,0.4297853386361982,5.118571730543568,0.5098629283062719,7.080021912765661,49.4,
647695,5,0,448,80,20,0.8158113346712554,0.37260592897938366,0.3835048137890552,-0.01089888480967155,0.04271604154821699,0.2898065863680103,0.12517243253202315,0.2984070585952269,13.16398689105011,38.3259225715822,1.7581868974088817,0.3270945271283796,3.1326359954418095,0.40058299101528166,3.659848495072562,30.8,
647695,4,8,750,160,20,0.8015313502779108,0.44628269878477705,0.49470213400448027,-0.04841943521970321,0.048870524013532354,0.38115909245063134,0.3835985061804086,0.2628878321035825,29.699621844823447,79.67466260122534,1.1026560603013944,0.375985128500294,4.934475146336771,0.42630116575636046,5.07309621358194,49.2,
647695,5,1,448,80,20,0.8158113346712554,0.4042235265500643,0.4930971307326291,-0.08887360418256479,0.0907662464694501,0.31217167377058136,0.3434324648681485,0.12152214586033742,35.72236771138821,75.05425753076076,1.1156543581511156,0.35742582535247447,6.323012233268021,0.45262007276261684,6.649317474259414,31.1,
647695,5,2,448,80,20,0.7173667812226523,0.4366015129124591,0.39153225640035283,0.04506925651210625,0.04849576042259258,0.3679328063114128,0.3303785955231521,0.22908988515623926,33.99844686921478,81.90583212897558,1.5767630229754128,0.4229783383705028,6.511314065295622,0.4911724837914039,4.762753442006787,30.9,
647695,5,3,448,80,20,0.7564784609523846,0.33308232195038273,0.32309558524744364,0.009986736702939092,0.04754611467613775,0.30374768594313506,0.23755872460646632,0.05848964012780561,25.45208339790776,60.047479100476835,0.7930119470463958,0.5093237456178243,5.554513888354233,0.4689373767332401,4.269280684020418,31.1,
647695,5,4,448,80,20,0.9019205783126928,0.27026478365559825,0.32036537029944384,-0.05010058664384559,0.06181624934038881,0.18320173245310126,0.3348865271512775,0.07807161690559576,37.95086236904318,77.45079667888726,0.8876405469856685,0.6368753695874737,6.936355664810289,0.4338714559271418,4.2632610658836,29.6,
647695,4,9,750,160,20,1.0509225059238456,0.41542046549898304,0.6238211563646793,-0.20840069086569624,0.04271604154821699,0.22499808831885854,0.33319566289462854,0.38911950224330427,27.36528165511205,82.90425765391055,2.0057869465265803,0.3112265728835988,7.0546293970145735,0.4444374137225329,6.162929969855386,49.4,
647695,5,5,448,80,20,0.770533709087368,0.3021932910888452,0.4166025201389439,-0.1144092290500987,0.04844011014866123,0.30049265444850504,0.1418732594221819,0.27044882923717556,12.234160727323182,42.90964705872872,1.763790563253013,0.4854660905881896,4.554222730709758,0.3508101762144826,2.441608851569073,31.2,
647695,5,6,448,80,20,1.023614125218606,0.5267007855422045,0.5396974840826041,-0.012996698540399643,0.06402934358058855,0.23525345696643124,0.06320581173730622,0.06514940115803536,12.39395368038114,32.05696374783576,0.5173930727089101,0.3016395366993491,3.595752128162596,0.22612963320461554,2.9247005098726904,29.7,
647695,5,7,448,80,20,1.068834530826321,0.3716296087054539,0.42016762709404876,-0.04853801838859484,0.05872371726682196,0.3859803969810147,0.14453940563728637,0.18511072046094929,13.575662314621576,49.67576939175838,1.7686346483280988,0.43453665284156723,4.674773630873171,0.36291910464871746,3.377171242766952,29.2,
647695,5,8,448,80,20,1.1665852108293435,0.6969602204757136,0.7397337668807308,-0.04277354640501718,0.07043397710876524,0.2685994278246266,0.05283080487392505,0.10236035714506242,13.744691890997675,33.76711027090897,1.084501728661162,0.5127391067444166,8.322831997669937,0.412812270330169,7.079426386387379,29.8,
647695,5,9,448,80,20,1.3324372603147878,0.7478829711558728,0.7233137904288797,0.0245691807269931,0.06153964361708232,0.3369229884428001,0.19180922630333228,0.2187827591835888,22.865884425935867,50.69068247480407,1.1860050659158998,0.1522711169685507,2.5690015506956234,0.2448317214268152,3.8220629764691334,29.9,
648585,1,0,700,140,20,0.687174589050171,0.28690178645058717,0.3205373080310425,-0.03363552158045535,0.03665214627195489,0.35252262651231414,0.38849758970838494,0.18465301420546482,36.70302083563393,84.44513992988004,1.242738093355239,0.3608743110952691,3.125356141346429,0.4229402510606723,2.774871043400173,45.3,
648585,1,1,700,140,20,1.078875213400065,0.42736853653707535,0.8391641410977702,-0.4117956045606948,0.06745113414988504,0.039878577892349804,0.017672669760251947,0.32085284211335147,9.537334845092923,16.938093651247094,3.193947138875887,0.33088287043093617,10.39654720951028,0.45330117851035506,5.623978531839926,45.4,
648585,1,2,700,140,20,0.687174589050171,0.29992523938141513,0.255809496526165,0.044115742855250106,0.06181624934038881,0.31827741665963555,0.23573369883425171,0.21812392545750098,33.05878233627049,78.93494028835381,1.7622757513630534,0.36172714204075535,2.807837607161647,0.5190252500960173,5.476969666022047,45.5,
648585,1,3,700,140,20,0.8225116352183135,0.3104720275106344,0.3770950320003812,-0.06662300448974678,0.04754611467613775,0.23528152771078048,0.05664075390496362,0.033847262262219735,10.367331270732139,26.68726450018803,1.1913312456642788,0.45502762842739514,6.480543291747628,0.4698158102115404,5.845088227304014,45.9,
648585,1,4,700,140,20,0.8665315111192383,0.40316003595298916,0.41281771636650394,-0.00965768041351478,0.09724954696120812,0.3370308058896688,0.3742624666161582,0.08723419837050822,48.90366021380546,88.80201123387623,0.7162780392674384,0.37844880991638524,5.265539438503162,0.5076156333524555,5.5999142994957785,45.7,
648585,1,5,700,140,20,0.9018474102146273,0.5374139017728208,0.7362696243332161,-0.1988557225603953,0.04424416597205886,0.2702211479333137,0.38010121728305796,0.06046325917558709,30.276491401033642,95.19718509359814,1.9401854037210804,0.2953916730026446,4.496888817181901,0.3085134116285048,4.390252272811435,45.0,
648585,1,6,700,140,20,1.225965230067273,0.436910483324346,0.7862838943067624,-0.34937341098241637,0.06181624934038881,0.2551062192066085,0.008926682143960973,0.2545753811415464,9.905913211867011,16.96476379365325,1.9411081768326988,0.34027678784413734,8.202705739741806,0.46052673832061314,6.607945099620168,46.1,
648585,1,7,700,140,20,1.3171280251457138,0.42699371216648213,0.49870379811803056,-0.07171008595154843,0.04849576042259258,0.2561318055014937,0.1409230217276976,0.3095662508862198,19.115344008947478,63.08829362738162,2.5421641415148053,0.22762755412111257,2.8820459927163102,0.38350379989053107,4.1532334047676605,45.0,
648585,1,8,700,140,20,0.6392727557401311,0.2256842451715472,0.2912461396223056,-0.06556189445075841,0.04844011014866123,0.1687319723651381,0.09821018931376023,0.11189049270187407,13.561667447872345,46.564410344900246,1.5459584131994226,0.4605299749395769,4.338771606114926,0.5652558853212889,5.1532607280281635,32.5,
648585,2,1,814,160,20,0.972391588254171,0.23256698244945379,0.284990161526125,-0.05242317907667121,0.06181624934038881,0.3960260312641773,0.14585067708243565,0.20272160063569958,19.365876950607827,39.73133658443573,2.1846592442670634,0.3971007260638343,5.899499039735488,0.6786693321080735,7.959996980116133,36.3,
648585,1,9,700,140,20,1.020116061374199,0.31572365381006556,0.40584517810908893,-0.09012152429902337,0.04844011014866123,0.36750764453125684,0.00523684816001016,0.09090200154462892,22.037778289150328,23.438004002457493,1.0876923219342831,0.4288184202076224,8.105634816723459,0.41617000166169893,4.4537296377682765,45.7,
648585,2,2,814,160,20,1.015771011622785,0.13993478406272786,0.16698839232042084,-0.027053608257692985,0.05872371726682196,0.10591996236313103,0.07057434190584314,0.0837399759296102,8.80000441075168,27.86233231824324,2.3293272017056372,0.5717743291572537,5.184087991395411,0.5650925408842367,4.052491002536192,35.6,
648585,2,0,814,160,20,1.0356938885936848,0.3104229962280057,0.25268286925215866,0.05774012697584702,0.05872371726682196,0.08286423738780724,0.18528345966717436,0.19027925755421932,11.385081582296882,42.53020191814017,2.73125420074022,0.46098824064715344,4.543704836554021,0.40058343959980064,6.4196078596016415,53.3,
648585,2,4,814,160,20,0.9498238091876023,0.3088479789361678,0.34887978146152354,-0.040031802525355764,0.07043397710876524,0.11531922280628115,0.07986649648480541,0.2929363321847854,6.167876738864816,16.735918155825264,3.2672940563245922,0.46238428901344397,5.591286049085785,0.779264493371395,9.399271060501148,46.9,
648585,2,3,814,160,20,1.021814317139531,0.3472202105141846,0.43303791783015555,-0.08581770731597094,0.06316501229456802,0.08274950691991652,0.047364969845398286,0.25412055605811174,5.429478015036412,16.69706803324257,3.230315862709286,0.5739242466599589,6.8402908477537085,0.6366105930414209,5.229599543026191,53.2,
648585,2,5,814,160,20,0.944976166867676,0.14746368196019732,0.10103462180335362,0.0464290601568437,0.04754611467613775,0.053091888178091295,0.018257255551397206,0.314820939541029,5.711974931786685,16.768874566912796,3.1596287804151544,0.4517212392570226,3.925471607267744,0.353513320676733,4.012031099060598,48.0,
648585,2,8,814,160,20,0.9645574631037803,0.17297919732322495,0.7095112548950513,-0.5365320575718263,0.048870524013532354,0.11681341851529335,0.023870928958284632,0.060503611483098435,7.162915646891301,16.679477485201268,1.8076300821636844,0.28762766609535995,5.817679314093365,0.5796443099481553,4.722870935327074,38.2,
648585,2,9,814,160,20,1.0309370092556673,0.21352488911178286,0.2927934749669044,-0.07926858585512153,0.05640832073336167,0.12394832973894601,0.08957971005839582,0.12692950930076496,3.196165579545502,16.750809279894842,3.059423533572891,0.6699854062535096,6.139410124243629,0.6750608442221923,4.554329667389249,36.1,
648585,2,6,814,160,20,0.9447092437115977,0.20921596867985906,0.26875012102612583,-0.05953415234626677,0.06181624934038881,0.18617115938057688,0.21693859240527735,0.1970533350041296,15.075763877802626,42.52277828284814,2.933788311249878,0.49720127579226236,5.784300205165512,0.7042126686812721,6.338803214083454,53.6,
648585,2,7,814,160,20,1.0356938885936848,0.24941045834775669,0.2315570833788935,0.01785337496886319,0.06181624934038881,0.3974153783768499,0.11185064727854381,0.18024935358898847,8.829268606977854,26.181756292493265,2.808424178212554,0.6201746327836843,4.798490919134313,0.7231982988988277,7.482901935095611,53.8,
648585,3,0,738,140,20,0.9986749489045608,0.265058418785582,0.19357744293111456,0.07148097585446744,0.04754611467613775,0.005871106890902894,0.12409911425207439,0.3218819316420914,10.418857570181762,30.805848629162814,2.3049138683302957,0.5552296175969089,4.381645413314988,0.540570780635892,4.6922070233249995,48.2,
648585,3,1,738,140,20,1.101334838545061,0.19206739859175795,0.22179366070715376,-0.029726262115395807,0.04849576042259258,0.022420389335091967,0.06999894119998454,0.36806785869609837,8.419019545232409,25.151810968292878,2.904516268576545,0.6288211957541125,5.269671227464904,0.606077722376192,4.252679919874168,48.7,
648585,3,2,738,140,20,0.9966700041925628,0.1704975838093007,0.25915513296290466,-0.08865754915360397,0.04849576042259258,0.06247265404590424,0.04677149195311328,0.16366924898367258,9.933632695600705,32.405632056976614,1.581336006854952,0.3557703161730756,4.312413904259648,0.5442933858418175,3.490296430808996,47.4,
648585,3,3,738,140,20,1.0007829283614724,0.19813957603714882,0.21343639677054546,-0.015296820733396638,0.04754611467613775,0.028664916503467336,0.17664819578305982,0.2201063313260934,16.387272921506142,47.69038343683355,2.0727798774583217,0.764428140513527,5.23770941753577,0.6055434947988724,3.7843169456599983,47.7,
648585,3,4,738,140,20,1.086151951158623,0.19526902167802004,0.3723119919306162,-0.17704297025259616,0.048870524013532354,0.03765395835836163,0.03666691905813682,0.19382036847374223,9.633410889909241,23.665544241072556,1.483899466576295,0.26204118347175814,2.4367825208609317,0.5185779180256707,3.453417669663913,48.1,
648585,3,5,738,140,20,1.1321110265795487,0.21620384182888006,0.2870030708509223,-0.07079922902204225,0.057639088599811754,0.043831906623213374,0.07452281267757568,0.3692104620705208,12.434419124694672,32.83853114126309,2.190206231947183,0.6620246280686931,6.500581174856248,0.6011547504534622,5.331812252440862,47.7,
648585,3,6,738,140,20,1.0161676893217528,0.180761522485109,0.22244793099170118,-0.04168640850659219,0.04754611467613775,0.0020371066165713325,0.07706250710712423,0.33433491293939444,9.020832657382206,28.17757382964174,2.7414424178357706,0.6300180238937425,5.171715972146795,0.6512115288707893,3.7814666732866296,47.8,
648585,3,7,738,140,20,0.9971841349886897,0.2967117733454763,0.4290256808317894,-0.13231390748631305,0.07043397710876524,0.016726769735284336,0.0359771831040584,0.24692943500410852,10.372449644571612,31.289128904549788,1.8149875116469494,0.4190044016745967,6.4252743222605515,0.6909693999481571,5.928470791677185,47.9,
648585,3,8,738,140,20,0.9986749489045609,0.1862732824015374,0.2435550628585325,-0.05728178045699511,0.048870524013532354,0.14401818312210396,0.07075978873439953,0.1566730578877409,17.577114206235358,44.36118488591941,1.2435010567752425,0.37347369351556153,6.012572962459415,0.5350466766366208,3.802569620240133,48.1,
648585,3,9,738,140,20,1.0020685435885246,0.2714068923621235,0.27554934688243166,-0.0041424545203081475,0.07043397710876524,0.06291329358220055,0.08951010640098817,0.3084683981972619,13.552726438807035,33.265326915076116,2.334714246380445,0.6614632654537461,7.228312087736158,0.7822369866398192,7.230494755246484,48.6,
648585,4,0,806,160,20,0.9251060526892599,0.4159048943377299,0.6224177504245461,-0.20651285608681613,0.06181624934038881,0.27962711871538654,0.36808054186971156,0.2597521975570501,38.124410141742224,92.00904014154798,1.9963872287099682,0.32127307166408464,6.105767615308669,0.4809747164077391,6.233084474774635,51.6,
648585,4,1,806,160,20,0.5368060798049893,0.10370805395895495,0.21326053790950045,-0.1095524839505455,0.05872371726682196,0.25698175735415807,0.22786376737441685,0.36499076296318084,32.15921676642025,90.28775877475944,1.4911217672065031,0.40494398283617555,9.305580924394992,0.5794700201368839,4.097259628059204,52.2,
648585,4,2,806,160,20,0.46421568229638394,0.33922117596846346,0.5558083200443338,-0.21658714407587032,0.05640832073336167,0.08275481029805697,0.06889673218396189,0.24388841706533504,7.522090872934305,27.330293517655175,3.0610772915555557,0.6586990865413256,8.58018971993315,0.7187764873724605,6.13630044491492,52.1,
648585,4,3,806,160,20,0.5706831029681905,0.09537390025061275,0.09985583113083,-0.004481930880217255,0.03665214627195489,0.2741805897912357,0.08510469976880995,0.0464966047060667,18.2623021864472,69.10456734908907,1.0113655600022788,0.1625576217387957,0.42847369247816297,0.16379972023529293,0.8983700375559408,52.0,
648585,4,4,806,160,20,0.6185408110514918,0.12816769703058656,0.18608031817474363,-0.05791262114415707,0.04844011014866123,0.21007938460536926,0.21941174453917978,0.33800307155013776,20.219012153467606,82.09507040670464,2.045485720751099,0.3531048661424948,4.377109228906099,0.5551274165999669,4.6949790357268775,52.2,
648585,4,5,806,160,20,1.0505582712814339,0.2448902867903342,0.39016926676579883,-0.14527897997546463,0.05872371726682196,0.0788576935596485,0.06634124707147188,0.25029292290869787,8.06787096520999,32.48848007981119,2.629654697849993,0.3912094090499991,5.552413141593013,0.525009520910417,3.3093062881376687,53.0,
648585,4,6,806,160,20,0.7523663087267305,0.4809634144535687,0.5990574724558716,-0.11809405800230288,0.10840969999267416,0.23515020876796713,0.03430677882581731,0.14612029376271407,9.971233701288273,32.53751852238369,1.282927194477351,0.3528387216517354,6.18220315672911,0.5907682447925316,7.0313077862103555,52.1,
648585,4,7,806,160,20,0.6565128679687526,0.1903125249724828,0.24549629365055048,-0.05518376867806768,0.04754611467613775,0.16520010714164354,0.16855172736826557,0.27555073232484467,19.688919283186713,63.14630816463682,2.1439945801761655,0.5418318188473268,7.300800447346057,0.7419588536709627,6.235861270215894,53.1,
648585,4,8,806,160,20,0.6695763342962846,0.10761413511641334,0.1263793950525585,-0.018765259936145154,0.04145022823128921,0.06690906754778753,0.18694019568862294,0.11066381283861919,20.438091729135166,85.74285902716407,1.6663273880118756,0.27958550438303514,2.8015903465214507,0.4502294858223827,4.400103861132767,51.8,
648585,5,0,629,120,20,1.175073775815317,0.23063480318882806,0.3377590343753108,-0.10712423118648273,0.06402934358058855,0.2833859802686437,0.1231249202881696,0.19526051162792102,22.45808329723058,86.35674156415371,1.6236268125606124,0.3438674483988919,4.538708779848639,0.49751221951558666,4.1963298422084145,41.1,
648585,5,1,629,120,20,1.0272975770763646,0.36671446533682023,0.3717099478813818,-0.004995482544561558,0.0907662464694501,0.16938902210077936,0.08876281280334133,0.13862054896692055,26.159218550728426,81.28509624810914,1.2325792544023073,0.5458175090712793,6.700553422987047,0.6548833140211325,7.24903161863454,41.0,
648585,4,9,806,160,20,0.7669201732599964,0.13981696430256568,0.2152249699915305,-0.07540800568896483,0.04849576042259258,0.19976985235862837,0.12809109471049598,0.14747256330523617,7.754566967038325,49.46213532472691,2.134616960740852,0.33642699839929374,3.7920989204857345,0.5523883552871994,4.873173034717544,52.4,
648585,5,2,629,120,20,0.9889032286846925,0.3373158144134329,0.412771916411619,-0.07545610199818609,0.07043397710876524,0.377596492082977,0.31797445323739415,0.35705008379234726,30.03755957657067,79.68577537465914,2.509185786229814,0.31090143333902137,3.5972713606829503,0.46471695166244026,5.9199844904862795,41.2,
648585,5,3,629,120,20,1.0254346624175232,0.3398868203912516,0.1994898781755807,0.14039694221567092,0.07043397710876524,0.0481977163527198,0.02549004123680826,0.15491319862601902,7.1094271637569415,17.16483384336649,1.6983116333072257,0.5669569680719069,6.464799975437939,0.5110502729818222,6.579931459193043,41.2,
648585,5,4,629,120,20,1.0053508763323933,0.1970650069053823,0.18513392475025003,0.011931082155132278,0.07043397710876524,0.034013003369782496,0.03682298777677612,0.35987251643855633,8.91687511701361,21.010767638397105,2.205756650712054,0.40241887867828807,3.7461594120325157,0.5540182574339725,6.7878811661510765,40.8,
648585,5,5,629,120,20,0.9997503831667937,0.18650965838776365,0.2100565101088146,-0.02354685172105095,0.07043397710876524,0.2090069317900003,0.1037860476398495,0.19740479202285513,20.78928014309909,68.36672272366992,1.3808149193470216,0.49551357792085543,3.064289754133643,0.5292699450946545,3.273542941050172,41.3,
648585,5,6,629,120,20,1.3647515656653815,0.34848371924184524,0.40280587190504524,-0.05432215266320001,0.07614810457054035,0.08112749536434814,0.008734496532803726,0.2575018425002509,8.708077819326581,18.05422551005293,1.951291355271642,0.5667788184079723,7.996568377826433,0.636213276194729,7.111202809697913,40.0,
648585,5,7,629,120,20,0.997270387962331,0.29664144644411944,0.3140225558183147,-0.017381109374195236,0.07135703199592885,0.1281890625975743,0.028626240435214084,0.07457621247251633,10.578678547445335,17.98926559225829,1.460653372349093,0.8044942050079714,8.720779589750924,0.5993368347491352,6.414041263639465,40.5,
648585,5,8,629,120,20,0.9850857646528974,0.1428327581768179,0.11629491976260102,0.026537838414216877,0.05640832073336167,0.1869659834451092,0.07300111914588228,0.38852066988698775,17.99263906304202,61.50150239485081,1.9600967048616156,0.5834506611786547,4.59773507965455,0.5566675171318,3.990532009709278,40.9,
648585,5,9,629,120,20,0.9848423898418005,0.3026052082982421,0.31051740929917776,-0.007912201000935648,0.06645183291229691,0.06661925125668891,0.03477542492951527,0.3696602028193001,7.671455890183553,18.148189756606495,2.8232795070317507,0.6304443798530402,7.168915359764032,0.680713901203019,6.974854432866749,40.3,
648586,1,0,749,140,20,0.5768693022593894,0.2125583035522615,0.28183366042210495,-0.06927535686984346,0.06181624934038881,0.3020746452915365,0.32909771330049764,0.32578048634159695,39.80779014493784,79.17120277794368,1.907077135131447,0.19587907136582478,1.8388712134344982,0.29496323244197736,2.762859794178977,49.1,
648586,1,1,749,140,20,1.355067161418004,0.36593134153849743,0.5249976525405423,-0.15906631100204488,0.07043397710876524,0.3084588191692905,0.2116371856424853,0.33391955796907635,21.004660667781106,89.75738370203706,3.502727358478428,0.36000154937205103,5.744841506677515,0.4706524999620996,5.305065922002389,49.4,
648586,1,2,749,140,20,0.558756751104439,0.29014623120412203,0.33561205707102204,-0.04546582586690001,0.06650648120957715,0.29265614141233365,0.3134855529139373,0.09669388765708824,32.228502823411766,81.18629264524208,2.3539210823005026,0.5527151102197525,4.623051431651298,0.6289428426923548,5.164451748851978,49.0,
648586,1,3,749,140,20,0.6680006643329794,0.18754384361979257,0.23611839614788152,-0.048574552528088955,0.06650648120957715,0.29207390655427484,0.18005382482194138,0.24857837915908435,23.507866681400763,59.51145951244492,2.1601082191755334,0.36991167571086375,5.369493082380298,0.6001233452686432,5.302632298080405,50.1,
648586,1,4,749,140,20,0.725686524505038,0.32393044309837515,0.4498032981120816,-0.12587285501370643,0.07043397710876524,0.2183587881841515,0.3943208469773855,0.265998212839035,36.67365316451038,89.20993625814648,2.0955627050953543,0.30398270637769426,4.319258580636871,0.7328800412641506,9.526326913213639,48.6,
648586,1,5,749,140,20,0.6358425595913357,0.20534206524927276,0.4098006342124609,-0.20445856896318812,0.07043397710876524,0.29025113098973565,0.2905737081620581,0.24214485303096384,54.57950570785298,99.96914267933862,1.166978903962531,0.34031973155645984,4.536123573525674,0.48949478384591294,4.722425464690261,49.1,
648586,1,7,749,140,20,0.9313094303627224,0.39697798911910637,0.46464975412007054,-0.06767176500096417,0.08691249686283227,0.06116061111903928,0.2667390924038985,0.214771303761668,25.497408467020026,73.91825523591265,3.6842259949972442,0.6901693972189243,8.572802770601793,0.6631313859685769,5.672204509263485,48.3,
648586,1,6,749,140,20,0.4724258461357393,0.07242803774359123,0.16076754706023152,-0.0883395093166403,0.06181624934038881,0.2753098279064318,0.3749002034302005,0.14537175336808647,36.77293011668808,75.82817385803216,1.8757380218281468,0.2937039122913185,2.442881009372719,0.4944292796977444,2.7244645355485946,49.0,
648586,1,8,749,140,20,0.6791249812628956,0.10909489250225993,0.1400592204909646,-0.03096432798870466,0.06402934358058855,0.2864119862058345,0.1565528596229793,0.15997583680452204,16.208139159238407,51.6227149756814,2.684055122355367,0.6456525222681241,5.689779660403131,0.6390675924275044,4.91937089051939,48.7,
648586,1,9,749,140,20,0.6358425595913356,0.2480622168450227,0.28017896324837405,-0.032116746403351354,0.07043397710876524,0.3986934393696737,0.3694555515167526,0.19332414787914992,41.90771271054619,86.43065807395939,2.6413930628805447,0.727741137774533,5.53929414474722,0.7241377322403855,6.28618883894264,50.0,
648586,2,0,869,180,20,1.1119521264806906,0.4050427983368321,0.28173276198360275,0.12331003635322935,0.04271604154821699,0.20446725502237778,0.08828603144551925,0.18649268466853786,15.145047530117212,36.98936884274464,2.0801657543758516,0.37124237765217627,4.339823522515834,0.31216939269102245,6.838673576173741,56.4,
648586,2,1,869,180,20,1.202407881434655,0.2202058337427048,0.24305091009983168,-0.022845076357126876,0.038848936868912706,0.011624209830032262,0.03669139658687287,0.10645558439811945,7.794924329769027,19.78594458195912,1.6936807382471215,0.36872279988318324,4.959908520967899,0.34345525969642543,3.5227317885199385,56.4,
648586,2,2,869,180,20,1.0070206006174447,0.2422317442803262,0.3036313247903482,-0.061399580510022006,0.04849576042259258,0.02504517289958344,0.037593889492616384,0.3537024770335335,8.075387375360213,25.33645508224189,2.9953780327195014,0.6670771694834089,8.3602123115017,0.7288087898538159,6.284765165367577,55.4,
648586,2,3,869,180,20,1.3419268104661701,0.37217313825349035,0.23166275893856683,0.14051037931492352,0.04844011014866123,0.14550084766982346,0.19030576544672617,0.16768623236307734,22.257487429004193,71.92273416173856,2.1536692579208854,0.6638223800468505,6.137381199548708,0.35911636939277886,5.00546729821283,56.0,
648586,2,4,869,180,20,0.943481310681451,0.18048741483325317,0.400991881670831,-0.22050446683757782,0.04271604154821699,0.058602782275236825,0.03924637403294193,0.09472296461687815,8.790591068931446,20.303706301052607,1.794120076984698,0.4476116314722676,6.605938128381147,0.6366603956498041,4.726153611345907,55.6,
648586,2,5,869,180,20,0.9444401662358486,0.23513920595884064,0.22978240353089063,0.005356802427950003,0.04424416597205886,0.02137017281207751,0.06263394203928166,0.23221851627350348,8.215125372996201,29.481782275246637,2.4746491356150764,0.6191464790537723,5.298836968199283,0.6295334359477663,6.651479363423218,55.8,
648586,2,6,869,180,20,1.1797506327680847,0.12551908168843126,0.08594823595046765,0.039570845737963614,0.04271604154821699,0.057011202887224666,0.036768407915808654,0.09417504258275942,8.828937639327986,19.11743804800255,1.7543808215379946,0.8800586061977045,9.66206554385745,0.652175796784564,5.460090029787966,55.9,
648586,2,7,869,180,20,0.9466764685854518,0.2652061324715467,0.3854060269292068,-0.1201998944576601,0.04424416597205886,0.07680657914303302,0.06376010736412344,0.15892797733948846,10.531504832103174,25.31392185843313,2.108383562006744,0.5383481467082512,10.797359323803853,0.633132274575509,6.111161126358584,57.1,
648586,2,8,869,180,20,1.0768689485278955,0.25347954714327414,0.3093860041650493,-0.05590645702177516,0.04424416597205886,0.11201470008758156,0.08369806293163665,0.21429238364468448,13.984576538295054,45.397721450009264,1.9269150513599247,0.4475790572354612,9.20324334664036,0.5874777789155115,6.119368176632471,56.3,
648586,3,0,788,160,20,0.7147935953734244,0.215850411778547,0.2323674326124256,-0.0165170208338786,0.04754611467613775,0.31673131830244033,0.0553110225855937,0.33607570966201084,7.842605864177913,23.38522640238581,2.870260681181393,0.5536582070084297,5.91080828318189,0.432635457601992,4.568774966200077,50.8,
648586,3,2,788,160,20,0.9502981548999692,0.447022319911094,0.428578211697376,0.018444108213718002,0.06181624934038881,0.2573000968179907,0.10653381889939664,0.2242686431137939,27.23907961535105,65.3066210365709,3.2000537627772707,0.7845098966142042,9.221739784830133,0.6122133444790876,6.6374117102726204,50.4,
648586,3,1,788,160,20,1.0612640784806548,0.3217103792924716,0.4147272122709338,-0.0930168329784622,0.06402934358058855,0.32345784066090605,0.07714263464306892,0.019241993086488773,40.59094692688806,87.15756630059367,0.626868159174297,0.7057570016713799,10.782298538354818,0.6977312916725326,6.941759501565395,51.0,
648586,2,9,869,180,20,0.939620703305694,0.15535259470918725,0.1467093834220935,0.00864321128709375,0.04145022823128921,0.1014264890879954,0.047662858386310375,0.23898336804370457,9.012731250069926,22.701607239489284,2.399348399169124,0.5383584405184649,4.575389188815333,0.6125531131307705,5.404558297008161,56.2,
648586,3,3,788,160,20,1.0926905421577686,0.4173798278047289,0.3854027868589499,0.03197704094577897,0.06181624934038881,0.26787931216443933,0.18676541756747028,0.3315718306429798,14.540143854309619,53.75130076303079,3.432882651537128,0.5312945147715196,5.879063767361878,0.5666976017779599,6.1728287605425365,51.2,
648586,3,4,788,160,20,0.8618567990416611,0.2548814103790366,0.2507011194281718,0.004180290950864807,0.06181624934038881,0.23689041149922827,0.10366168238442537,0.20102362127569226,13.32597997124337,63.8780426239032,2.3823212966481897,0.6040589508307639,5.4036150499905,0.5636000506196626,5.591408766665416,50.9,
648586,3,5,788,160,20,0.7184628592238395,0.2565128161090681,0.24046896177860733,0.016043854330460794,0.057639088599811754,0.3904822791220407,0.07476184399796909,0.33579532006696783,9.433596784883315,24.675553571944537,3.0987404585809464,0.7335588968481103,6.234853592303309,0.6135081391844203,5.904867307480825,51.4,
648586,3,6,788,160,20,0.8889126545054383,0.2373164169976063,0.26555275172846254,-0.02823633473085624,0.07043397710876524,0.34155883057645586,0.05261490980163824,0.10320429868394629,12.543308577532194,28.610842114740148,1.7022621673247382,0.588640112918401,9.602983688410758,0.6893771083909312,7.218072558293981,50.9,
648586,3,7,788,160,20,1.0313359053596973,0.3476526624128995,0.34521021366551896,0.0024424487473805323,0.06645183291229691,0.05258169067470239,0.0628228377407101,0.39583997895456813,4.854200435819618,19.15653861258916,3.7548995711171305,0.6593125961912707,6.344059548817345,0.5095770878369298,5.169842169818125,50.9,
648586,3,8,788,160,20,1.1256417351505776,0.34522245259275597,0.30142887662135154,0.04379357597140443,0.06489466953589507,0.2740940459740567,0.037653113192391285,0.1958197597006851,6.451174163609329,19.051258459186016,2.706333836021542,0.6348689796875405,6.198742161693087,0.5579816508166026,5.277896489515039,50.6,
648586,3,9,788,160,20,1.0926905421577686,0.42887212216353665,0.37824575677441613,0.05062636538912052,0.06181624934038881,0.3178351549713584,0.1434915972601111,0.34144369181547285,12.242868595924232,33.94001430386904,3.508203082824553,0.4541986212854427,5.319876839013185,0.5090921061030097,5.831109893894127,51.0,
648586,4,0,886,180,20,0.7606359838906075,0.552442245841558,0.33308494338887423,0.21935730245268376,0.05872371726682196,0.042282299278148944,0.07187682139899562,0.23637126084295154,10.60417785240313,48.41342726665899,2.5680310146156287,0.6511023548458178,8.162282926342606,0.30151154829355103,5.6654602877524285,58.0,
648586,4,1,886,180,20,0.9009937188783669,0.4131313197747372,0.40370146031514836,0.009429859459588852,0.05872371726682196,0.3260318136691731,0.0913123235085877,0.2248024799469169,6.720670296792666,22.654963214682045,3.094377647906443,0.591866059306074,6.209536601185206,0.5934219510391754,5.980389560209014,57.2,
648586,4,2,886,180,20,0.8737158334277568,0.3537451632243297,0.40041620653983456,-0.04667104331550487,0.04849576042259258,0.05593982706602982,0.2424097133738157,0.2568086063084422,12.502614883765077,69.14128648737388,3.0303084412434194,0.6648412684930188,7.069115362612043,0.6969486684391336,8.472150218367299,58.2,
648586,4,3,886,180,20,0.8198369435971791,0.23866891124106138,0.2529825460575144,-0.014313634816453036,0.04844011014866123,0.20584089232398178,0.15661491510064784,0.36497571633009507,15.852211072509677,57.49909810888684,3.4524861315620456,0.6714964978083275,8.04752330230277,0.5908865441540689,8.167167288961089,58.9,
648586,4,4,886,180,20,1.2076936829934608,0.33749079621650524,0.28750971718331036,0.049981079033194875,0.06316501229456802,0.08683921451318687,0.11780920425612847,0.2905253110561679,8.47549323317077,43.164049182583774,3.1561129253031286,0.6631235376913285,7.583941228859208,0.7571357274145392,8.814952899832631,58.6,
648586,4,5,886,180,20,0.8447546239936192,0.5153258152193254,0.45909569234864767,0.056230122870677746,0.06181624934038881,0.09049306866654021,0.03193903389698424,0.3795812404168447,7.066343905970897,21.139485462508677,3.8505221055115064,0.577877798263498,7.7475437640523515,0.5068948041672022,6.814391646256913,57.6,
648586,5,1,707,140,20,0.9839127708908993,0.43627751056773506,0.42988716346985234,0.00639034709788272,0.03718521202611449,0.25287038104809034,0.31625125980725133,0.32525207804366973,27.033879604267216,73.66628360270376,2.11961511611332,0.4520994798106738,5.300645104507095,0.4393063000895841,5.005412999393547,26.9,
648586,4,6,886,180,20,1.2290362832254464,0.3512039930648455,0.4789448326786808,-0.1277408396138353,0.04849576042259258,0.006602212217166253,0.11163494858920964,0.3510209367113162,7.641705353880096,30.098910553312972,2.9224656693624387,0.5153875588944782,7.992027664267222,0.6371847977984996,7.936482694130967,57.7,
648586,4,7,886,180,20,0.768696741682288,0.14190178960302133,0.1678946852881303,-0.025992895685108985,0.04849576042259258,0.15597771741232513,0.08150354321336219,0.1867557159331054,7.312543075143349,31.83140189649808,2.493324124009489,0.5744562897002966,6.4646732939390725,0.6262250074419835,5.114705188992078,58.2,
648586,5,0,707,140,20,1.1329483816649448,0.3295107361651444,0.3448704406537834,-0.015359704488638992,0.02337569359278763,0.03257794397151342,0.318467257270502,0.04780792882459639,28.842844533147748,88.46859386572373,1.1215295957275417,0.50372312589525,4.75433013199428,0.4523920242353202,4.401666819258033,45.8,
648586,4,9,886,180,20,1.0910186615108526,0.249957214296964,0.28368852853531684,-0.03373131423835285,0.04844011014866123,0.24377760907278895,0.24106989872525114,0.2609600432748999,8.506091881298325,65.20637901654968,3.265334684366961,0.6632026219114638,6.756299804508575,0.6939840510404607,6.63071501105075,58.3,
648586,4,8,886,180,20,0.8539554820225621,0.26402946622062495,0.4500163782034769,-0.18598691198285194,0.05872371726682196,0.06769066963747136,0.021978011837427064,0.26292407307855886,7.066415039415281,18.026984464734262,2.7712148153402842,0.5176825295055655,8.09554623107368,0.6216944859045621,6.043380696977557,58.9,
648586,5,2,707,140,20,1.1481082046008046,0.4060606340935538,0.6033330233157023,-0.19727238922214846,0.030937529136092577,0.06797966483301973,0.3485328501730611,0.3555042983515312,33.114725066786015,92.91254740902599,1.353346165136613,0.4088143592487312,8.226519726240346,0.3907412736735407,4.942394020075635,26.3,
648586,5,3,707,140,20,0.9820245157903691,0.3695137793336527,0.3762922385626058,-0.006778459228953093,0.032987214645588604,0.05997691316620532,0.18364150507412846,0.27941551188677927,15.629941728497698,64.64886450255742,2.076513126131636,0.5777170262980134,4.96358489456925,0.4532777422644995,5.13203825090196,23.3,
648586,5,6,707,140,20,1.0017639292319411,0.31691508780840694,0.31456827616270083,0.002346811645706104,0.03718521202611449,0.08744067408673535,0.24590953914003974,0.19054766331912398,17.68353395956204,72.2304424404503,1.719394400941885,0.6177087198124251,5.391464466017516,0.5654727544789862,5.032117816511806,26.2,
648586,5,4,707,140,20,1.0195093141260028,0.43972916303857296,0.5582571519089999,-0.11852798887042698,0.04271604154821699,0.11414235482653734,0.3062478083970134,0.31991136889151084,24.80455648853637,92.26182908240739,1.7354691425084297,0.28310813330455,5.503043786719951,0.46523214178775546,4.797925819355088,35.7,
648586,5,5,707,140,20,1.0414558836053582,0.36379891297320477,0.5108267788230109,-0.1470278658498061,0.03718521202611449,0.01970451099818632,0.20677379295016515,0.14352707805979434,11.876161134567718,63.77800495899477,1.8953657639411825,0.42766487732623554,4.816019435676138,0.5366940708734145,4.814882367450188,36.6,
648586,5,7,707,140,20,1.015625352347023,0.5272688810928653,0.6454055783432842,-0.11813669725041887,0.04271604154821699,0.024662207858974272,0.3467897445819791,0.2563880425470678,27.853269907794946,78.40064174361807,1.7626277180917003,0.2908356098795563,5.72567978469689,0.44391437828759994,5.4188537760911055,39.3,
648586,5,8,707,140,20,1.0566573015950482,0.4536749144275712,0.513296966691415,-0.05962205226384382,0.03718521202611449,0.0745098826885087,0.2381167760867533,0.3220666579586326,14.577308454990733,78.74296686843807,2.0124037664366425,0.32644176400807445,4.610375934752064,0.3469174693895983,4.65743019134303,38.6,
648586,5,9,707,140,20,1.085414331188846,0.6290084420591863,0.8412562903530757,-0.21224784829388943,0.04849576042259258,0.032260535831042464,0.0807918208203453,0.21282110246173386,9.426651873235555,41.94324387283244,1.9060485235684506,0.3285914324324496,7.521701429846151,0.3649107201563649,5.755788042338099,38.9,
